,Year,Sector,School,Locality,Number of Unit 3/4 VCE Stubjects Offered, Number of VET Subjects Offered,IB Offered,Number of VCE Enrollments,Number of VET Enrollments,Number of VCAL Enrollments,Percentage of VCE students applying for tertiary places,VCE Percentage of Sastisfactory Completion,Number of students awarded the VCE (Baccalaureate),VET Percentage of Sastisfactory Completion,VCAL Percentage of Sastisfactory Completion,Median VCE study score,Percentage of study scores of 40 and over,Average Housing Price,Standard Deviation of Housing Price
0,2017,CATHOLIC,ACADEMY OF MARY IMMACULATE,FITZROY,41,6,0,149,17,0,93,96,9,99.0,0.0,31.0,12.4,521.625,9.668731819633845
1,2016,CATHOLIC,ACADEMY OF MARY IMMACULATE,FITZROY,41,11,0,138,28,0,95,100,8,94.0,0.0,30.0,6.2,521.625,9.668731819633845
2,2017,GOVERNMENT,ALBERT PARK COLLEGE,ALBERT PARK,50,19,1,248,39,0,91,99,10,84.0,0.0,32.0,12.5,521.375,9.393315442377094
3,2016,GOVERNMENT,ALBERT PARK COLLEGE,ALBERT PARK,51,17,0,230,36,0,78,99,13,77.0,0.0,31.0,9.2,521.375,9.393315442377094
4,2017,CATHOLIC,AQUINAS COLLEGE,RINGWOOD,57,31,0,354,146,53,83,100,7,99.0,99.0,30.0,6.5,373.5,8.031189202104505
5,2017,GOVERNMENT,NORWOOD SECONDARY COLLEGE,RINGWOOD,40,23,0,242,101,31,74,98,2,92.0,98.0,28.0,3.3,373.5,8.031189202104505
6,2017,GOVERNMENT,RINGWOOD SECONDARY COLLEGE,RINGWOOD,76,34,0,351,112,49,89,97,11,80.0,86.0,29.0,6.2,373.5,8.031189202104505
7,2017,INDEPENDENT,YARRA VALLEY GRAMMAR SCHOOL,RINGWOOD,42,7,0,300,29,0,91,99,16,95.0,0.0,34.0,20.1,373.5,8.031189202104505
8,2016,CATHOLIC,AQUINAS COLLEGE,RINGWOOD,52,26,0,325,347,45,85,100,4,99.0,97.0,31.0,6.0,373.5,8.031189202104505
9,2016,GOVERNMENT,NORWOOD SECONDARY COLLEGE,RINGWOOD,45,24,0,233,95,35,73,100,5,96.0,96.0,29.0,4.9,373.5,8.031189202104505
10,2016,INDEPENDENT,YARRA VALLEY GRAMMAR SCHOOL,RINGWOOD,40,5,0,263,49,0,91,100,10,98.0,0.0,34.0,21.1,373.5,8.031189202104505
11,2017,INDEPENDENT,AUSTRALIAN INTERNATIONAL ACADEMY OF EDUCATION,COBURG,18,0,1,27,0,0,98,100,1,0.0,0.0,30.0,5.3,410.0,11.180339887498949
12,2017,CATHOLIC,MERCY COLLEGE,COBURG,34,13,0,126,27,12,96,98,1,99.0,100.0,29.0,4.0,410.0,11.180339887498949
13,2016,INDEPENDENT,AUSTRALIAN INTERNATIONAL ACADEMY OF EDUCATION,COBURG,16,0,1,35,0,0,100,100,0,0.0,0.0,27.0,0.6,410.0,11.180339887498949
14,2016,GOVERNMENT,COBURG HIGH SCHOOL,COBURG,22,0,0,31,0,0,66,100,1,0.0,0.0,29.0,3.4,410.0,11.180339887498949
15,2016,CATHOLIC,MERCY COLLEGE,COBURG,34,12,0,138,31,14,100,100,3,79.0,93.0,28.0,3.5,410.0,11.180339887498949
16,2017,CATHOLIC,AVILA COLLEGE,MOUNT WAVERLEY,47,12,0,261,33,22,98,99,30,100.0,94.0,32.0,8.8,463.75,5.448623679425842
17,2017,INDEPENDENT,HUNTINGTOWER SCHOOL,MOUNT WAVERLEY,34,4,0,165,4,0,98,100,24,93.0,0.0,37.0,30.0,463.75,5.448623679425842
18,2017,GOVERNMENT,MOUNT WAVERLEY SECONDARY COLLEGE,MOUNT WAVERLEY,59,15,0,439,38,0,97,99,37,80.0,0.0,30.0,5.9,463.75,5.448623679425842
19,2016,CATHOLIC,AVILA COLLEGE,MOUNT WAVERLEY,46,10,0,265,22,20,96,100,22,100.0,100.0,32.0,10.0,463.75,5.448623679425842
20,2016,GOVERNMENT,MOUNT WAVERLEY SECONDARY COLLEGE,MOUNT WAVERLEY,43,9,0,417,28,0,97,100,45,93.0,0.0,31.0,7.8,463.75,5.448623679425842
21,2017,GOVERNMENT,BAIMBRIDGE COLLEGE HAMILTON,HAMILTON,25,17,0,86,100,28,50,89,0,90.0,78.0,26.0,0.6,230.625,1.653594569415369
22,2017,CATHOLIC,MONIVAE COLLEGE,HAMILTON,39,21,0,109,71,27,70,100,0,87.0,99.0,29.0,2.9,230.625,1.653594569415369
23,2017,INDEPENDENT,THE HAMILTON AND ALEXANDRA COLLEGE,HAMILTON,37,10,0,127,58,0,93,100,6,99.0,0.0,32.0,12.7,230.625,1.653594569415369
24,2016,GOVERNMENT,BAIMBRIDGE COLLEGE HAMILTON,HAMILTON,33,15,0,80,87,39,75,92,0,89.0,70.0,25.0,2.0,230.625,1.653594569415369
25,2016,CATHOLIC,MONIVAE COLLEGE,HAMILTON,49,22,0,162,110,19,68,99,1,88.0,92.0,30.0,4.9,230.625,1.653594569415369
26,2016,INDEPENDENT,THE HAMILTON AND ALEXANDRA COLLEGE,HAMILTON,32,6,0,104,54,0,87,100,6,98.0,0.0,32.0,7.7,230.625,1.653594569415369
27,2017,GOVERNMENT,BAIRNSDALE SECONDARY COLLEGE,BAIRNSDALE,55,22,0,200,129,86,51,96,0,50.0,69.0,24.0,0.8,278.75,2.165063509461097
28,2017,CATHOLIC,NAGLE COLLEGE,BAIRNSDALE,40,19,0,165,126,37,51,99,1,94.0,90.0,26.0,1.6,278.75,2.165063509461097
29,2016,GOVERNMENT,BAIRNSDALE SECONDARY COLLEGE,BAIRNSDALE,57,25,0,201,126,82,73,95,0,70.0,79.0,26.0,2.1,278.75,2.165063509461097
30,2016,CATHOLIC,NAGLE COLLEGE,BAIRNSDALE,43,20,0,192,136,47,63,100,2,92.0,78.0,27.0,2.0,278.75,2.165063509461097
31,2017,INDEPENDENT,BALLARAT CHRISTIAN COLLEGE,SEBASTOPOL,19,13,0,56,74,10,76,100,0,67.0,88.0,29.0,4.9,256.625,4.442338910979215
32,2017,GOVERNMENT,PHOENIX P-12 COMMUNITY COLLEGE,SEBASTOPOL,37,16,0,150,125,62,73,99,0,79.0,89.0,26.0,1.9,256.625,4.442338910979215
33,2016,INDEPENDENT,BALLARAT CHRISTIAN COLLEGE,SEBASTOPOL,25,20,0,52,91,11,40,100,0,68.0,100.0,28.0,0.0,256.625,4.442338910979215
34,2016,GOVERNMENT,PHOENIX P-12 COMMUNITY COLLEGE,SEBASTOPOL,47,29,0,162,142,87,79,93,0,78.0,77.0,27.0,1.1,256.625,4.442338910979215
35,2017,INDEPENDENT,BALLARAT CLARENDON COLLEGE,BALLARAT,42,11,0,204,43,0,99,100,3,99.0,0.0,37.0,33.6,270.625,5.266343608235224
36,2017,GOVERNMENT,BALLARAT HIGH SCHOOL,BALLARAT,54,34,0,318,277,68,57,97,3,82.0,81.0,28.0,3.9,270.625,5.266343608235224
37,2017,CATHOLIC,LORETO COLLEGE,BALLARAT,49,19,0,216,82,26,88,99,8,83.0,94.0,31.0,6.7,270.625,5.266343608235224
38,2017,CATHOLIC,ST PATRICK'S COLLEGE,BALLARAT,40,21,0,357,258,23,80,98,5,96.0,100.0,29.0,3.2,270.625,5.266343608235224
39,2016,INDEPENDENT,BALLARAT CLARENDON COLLEGE,BALLARAT,41,14,0,225,45,0,96,100,6,88.0,0.0,37.0,30.0,270.625,5.266343608235224
40,2016,GOVERNMENT,BALLARAT HIGH SCHOOL,BALLARAT,58,29,0,312,245,63,64,97,3,95.0,85.0,28.0,3.6,270.625,5.266343608235224
41,2016,GOVERNMENT,BALLARAT SECONDARY COLLEGE,BALLARAT,58,38,0,113,122,92,65,88,0,88.0,68.0,27.0,2.2,270.625,5.266343608235224
42,2016,CATHOLIC,LORETO COLLEGE,BALLARAT,46,21,0,211,112,28,96,100,6,95.0,92.0,32.0,11.2,270.625,5.266343608235224
43,2016,CATHOLIC,ST PATRICK'S COLLEGE,BALLARAT,48,23,0,376,284,0,71,100,2,92.0,0.0,29.0,4.9,270.625,5.266343608235224
44,2017,INDEPENDENT,BALLARAT GRAMMAR,WENDOUREE,58,27,0,306,90,22,82,100,11,94.0,86.0,32.0,11.2,291.25,3.307189138830738
45,2016,INDEPENDENT,BALLARAT GRAMMAR,WENDOUREE,50,19,0,297,75,5,85,100,11,95.0,26.0,32.0,9.4,291.25,3.307189138830738
46,2017,GOVERNMENT,BAYSIDE P-12 COLLEGE - PAISLEY CAMPUS,NEWPORT,48,21,0,141,124,43,69,91,4,83.0,85.0,28.0,2.7,454.375,9.164298936634488
47,2016,GOVERNMENT,BAYSIDE P-12 COLLEGE - PAISLEY CAMPUS,NEWPORT,48,21,0,146,119,56,67,96,0,86.0,88.0,30.0,3.9,454.375,9.164298936634488
48,2017,GOVERNMENT,BAYSWATER SECONDARY COLLEGE,BAYSWATER,22,14,0,35,22,18,66,100,0,77.0,70.0,22.0,0.0,356.25,7.39509972887452
49,2016,GOVERNMENT,BAYSWATER SECONDARY COLLEGE,BAYSWATER,21,13,0,41,22,18,56,94,0,75.0,100.0,21.0,1.2,356.25,7.39509972887452
50,2017,INDEPENDENT,BAYVIEW COLLEGE,PORTLAND,21,7,0,55,10,6,69,100,0,91.0,90.0,29.0,3.7,232.5,4.330127018922194
51,2017,GOVERNMENT,PORTLAND SECONDARY COLLEGE,PORTLAND,36,13,0,141,103,41,62,97,0,80.0,69.0,26.0,0.6,232.5,4.330127018922194
52,2016,INDEPENDENT,BAYVIEW COLLEGE,PORTLAND,32,8,0,62,10,7,78,97,2,81.0,88.0,28.0,1.7,232.5,4.330127018922194
53,2016,GOVERNMENT,PORTLAND SECONDARY COLLEGE,PORTLAND,34,15,0,127,148,46,77,96,2,76.0,75.0,26.0,1.7,232.5,4.330127018922194
54,2017,INDEPENDENT,BEACONHILLS COLLEGE - BERWICK,BERWICK,41,6,0,228,7,0,85,99,7,100.0,0.0,31.0,7.4,385.0,5.0
55,2017,GOVERNMENT,BERWICK SECONDARY COLLEGE,BERWICK,57,30,0,341,219,89,77,98,4,100.0,81.0,29.0,5.6,385.0,5.0
56,2017,GOVERNMENT,KAMBRYA COLLEGE,BERWICK,69,37,0,235,258,138,74,97,5,88.0,83.0,30.0,3.3,385.0,5.0
57,2017,SELECTIVE,NOSSAL HIGH SCHOOL,BERWICK,45,3,0,424,21,0,99,100,47,100.0,0.0,36.0,21.5,385.0,5.0
58,2017,INDEPENDENT,ST MARGARETS SCHOOL,BERWICK,26,3,0,97,0,0,100,100,9,0.0,0.0,35.0,20.4,385.0,5.0
59,2016,INDEPENDENT,BEACONHILLS COLLEGE - BERWICK,BERWICK,40,6,0,215,10,0,83,100,9,98.0,0.0,32.0,6.7,385.0,5.0
60,2016,GOVERNMENT,BERWICK SECONDARY COLLEGE,BERWICK,59,33,0,368,226,115,82,99,4,100.0,96.0,29.0,3.8,385.0,5.0
61,2016,GOVERNMENT,KAMBRYA COLLEGE,BERWICK,64,32,0,227,198,128,75,100,5,93.0,91.0,29.0,2.2,385.0,5.0
62,2016,SELECTIVE,NOSSAL HIGH SCHOOL,BERWICK,44,6,0,425,23,0,99,100,46,100.0,0.0,35.0,22.7,385.0,5.0
63,2016,INDEPENDENT,ST MARGARETS SCHOOL,BERWICK,30,0,0,117,0,0,100,100,10,0.0,0.0,34.0,15.9,385.0,5.0
64,2017,INDEPENDENT,BEACONHILLS COLLEGE - PAKENHAM,PAKENHAM,35,0,0,173,0,0,92,100,8,0.0,0.0,31.0,5.8,336.875,6.584783595532961
65,2017,INDEPENDENT,LAKESIDE LUTHERAN COLLEGE,PAKENHAM,15,5,0,35,29,0,84,100,0,95.0,0.0,28.0,0.0,336.875,6.584783595532961
66,2017,GOVERNMENT,PAKENHAM SECONDARY COLLEGE,PAKENHAM,54,36,0,130,119,84,96,100,0,97.0,79.0,27.0,1.8,336.875,6.584783595532961
67,2016,INDEPENDENT,BEACONHILLS COLLEGE - PAKENHAM,PAKENHAM,37,1,0,212,0,0,88,100,5,0.0,0.0,31.0,7.6,336.875,6.584783595532961
68,2016,INDEPENDENT,LAKESIDE LUTHERAN COLLEGE,PAKENHAM,23,2,0,31,0,0,90,100,1,0.0,0.0,25.0,2.7,336.875,6.584783595532961
69,2017,GOVERNMENT,BELMONT HIGH SCHOOL,BELMONT,78,35,0,329,269,57,70,98,4,88.0,80.0,28.0,6.0,343.125,7.473912964438374
70,2017,GOVERNMENT,OBERON HIGH SCHOOL,BELMONT,44,18,0,124,33,28,65,100,5,95.0,91.0,29.0,4.3,343.125,7.473912964438374
71,2016,GOVERNMENT,BELMONT HIGH SCHOOL,BELMONT,73,35,0,339,241,51,71,98,9,92.0,81.0,30.0,6.0,343.125,7.473912964438374
72,2016,GOVERNMENT,OBERON HIGH SCHOOL,BELMONT,58,27,0,157,78,37,72,97,2,79.0,83.0,29.0,3.5,343.125,7.473912964438374
73,2017,GOVERNMENT,BENDIGO SENIOR SECONDARY COLLEGE,BENDIGO,82,42,0,1175,601,267,59,95,6,84.0,76.0,27.0,1.8,274.125,3.9191038516477206
74,2017,CATHOLIC,CATHOLIC COLLEGE BENDIGO,BENDIGO,51,19,0,454,160,60,88,100,10,90.0,97.0,29.0,4.3,274.125,3.9191038516477206
75,2017,INDEPENDENT,GIRTON GRAMMAR SCHOOL,BENDIGO,43,5,0,241,19,0,99,100,9,97.0,0.0,34.0,16.6,274.125,3.9191038516477206
76,2016,GOVERNMENT,BENDIGO SENIOR SECONDARY COLLEGE,BENDIGO,79,40,0,1153,617,285,62,97,6,81.0,81.0,27.0,2.1,274.125,3.9191038516477206
77,2016,CATHOLIC,CATHOLIC COLLEGE BENDIGO,BENDIGO,54,18,0,459,195,67,87,99,5,91.0,97.0,29.0,4.7,274.125,3.9191038516477206
78,2016,INDEPENDENT,GIRTON GRAMMAR SCHOOL,BENDIGO,45,4,0,218,22,0,98,100,10,98.0,0.0,34.0,20.1,274.125,3.9191038516477206
79,2017,GOVERNMENT,BLACKBURN HIGH SCHOOL,BLACKBURN,50,16,0,283,24,0,71,97,12,93.0,0.0,30.0,6.8,410.625,6.343057228182637
80,2016,GOVERNMENT,BLACKBURN HIGH SCHOOL,BLACKBURN,46,10,0,211,15,0,80,96,9,68.0,0.0,29.0,6.0,410.625,6.343057228182637
81,2017,GOVERNMENT,BOX HILL HIGH SCHOOL,BOX HILL,68,27,0,391,71,0,89,98,34,93.0,0.0,33.0,15.0,398.75,6.49519052838329
82,2017,INDEPENDENT,KINGSWOOD COLLEGE,BOX HILL,37,12,0,141,101,0,97,100,3,100.0,0.0,32.0,8.1,398.75,6.49519052838329
83,2017,CATHOLIC,OUR LADY OF SION COLLEGE,BOX HILL,45,16,0,217,31,9,94,100,12,94.0,80.0,33.0,11.3,398.75,6.49519052838329
84,2016,GOVERNMENT,BOX HILL HIGH SCHOOL,BOX HILL,55,20,0,350,53,0,93,98,28,94.0,0.0,33.0,19.0,398.75,6.49519052838329
85,2016,INDEPENDENT,KINGSWOOD COLLEGE,BOX HILL,34,15,0,103,94,0,88,100,2,100.0,0.0,32.0,18.0,398.75,6.49519052838329
86,2016,CATHOLIC,OUR LADY OF SION COLLEGE,BOX HILL,43,21,0,245,35,9,98,100,20,91.0,100.0,33.0,8.9,398.75,6.49519052838329
87,2017,GOVERNMENT,BRAUER COLLEGE,WARRNAMBOOL,34,19,0,157,90,40,62,96,1,90.0,78.0,28.0,6.0,290.625,2.9973947020704497
88,2017,CATHOLIC,EMMANUEL COLLEGE,WARRNAMBOOL,42,24,0,271,107,22,69,98,3,100.0,78.0,27.0,3.7,290.625,2.9973947020704497
89,2017,INDEPENDENT,KINGS COLLEGE,WARRNAMBOOL,17,6,0,23,6,0,54,100,1,100.0,0.0,31.0,7.4,290.625,2.9973947020704497
90,2017,GOVERNMENT,WARRNAMBOOL COLLEGE,WARRNAMBOOL,50,25,0,261,92,25,74,95,7,91.0,88.0,29.0,4.8,290.625,2.9973947020704497
91,2016,GOVERNMENT,BRAUER COLLEGE,WARRNAMBOOL,39,20,0,176,107,35,67,99,0,87.0,87.0,29.0,3.7,290.625,2.9973947020704497
92,2016,CATHOLIC,EMMANUEL COLLEGE,WARRNAMBOOL,44,26,0,288,126,36,72,97,8,89.0,93.0,29.0,4.7,290.625,2.9973947020704497
93,2016,INDEPENDENT,KINGS COLLEGE,WARRNAMBOOL,24,6,0,29,5,0,70,100,1,98.0,0.0,30.0,5.1,290.625,2.9973947020704497
94,2016,GOVERNMENT,WARRNAMBOOL COLLEGE,WARRNAMBOOL,57,34,0,279,132,27,75,91,9,70.0,73.0,28.0,5.5,290.625,2.9973947020704497
95,2017,GOVERNMENT,BRENTWOOD SECONDARY COLLEGE,GLEN WAVERLEY,48,12,0,412,33,0,96,100,33,57.0,0.0,31.0,5.9,458.75,7.806247497997997
96,2017,GOVERNMENT,GLEN WAVERLEY SECONDARY COLLEGE,GLEN WAVERLEY,65,20,0,649,95,0,93,100,104,96.0,0.0,33.0,15.9,458.75,7.806247497997997
97,2017,INDEPENDENT,WESLEY COLLEGE GLEN WAVERLEY CAMPUS,GLEN WAVERLEY,32,5,1,117,14,0,97,100,12,100.0,0.0,32.0,7.9,458.75,7.806247497997997
98,2016,GOVERNMENT,BRENTWOOD SECONDARY COLLEGE,GLEN WAVERLEY,55,10,0,408,26,0,99,100,27,58.0,0.0,30.0,7.0,458.75,7.806247497997997
99,2016,GOVERNMENT,GLEN WAVERLEY SECONDARY COLLEGE,GLEN WAVERLEY,66,21,0,643,79,0,94,100,101,96.0,0.0,33.0,15.2,458.75,7.806247497997997
100,2016,GOVERNMENT,HIGHVALE SECONDARY COLLEGE,GLEN WAVERLEY,38,8,0,211,7,0,89,99,14,100.0,0.0,31.0,7.0,458.75,7.806247497997997
101,2016,INDEPENDENT,WESLEY COLLEGE GLEN WAVERLEY CAMPUS,GLEN WAVERLEY,34,9,1,117,35,0,89,100,15,45.0,0.0,31.0,8.9,458.75,7.806247497997997
102,2017,INDEPENDENT,BRIGHTON GRAMMAR SCHOOL,BRIGHTON,36,8,0,218,12,0,95,100,30,92.0,0.0,34.0,20.8,604.375,20.223362109204295
103,2017,INDEPENDENT,FIRBANK GRAMMAR SCHOOL,BRIGHTON,40,5,0,236,7,0,98,99,33,88.0,0.0,35.0,24.9,604.375,20.223362109204295
104,2017,CATHOLIC,STAR OF THE SEA COLLEGE,BRIGHTON,49,13,0,268,53,8,99,100,12,94.0,95.0,33.0,14.8,604.375,20.223362109204295
105,2017,INDEPENDENT,YESODEI HATORAH COLLEGE - BILLILLA CAMPUS,BRIGHTON,12,5,0,21,32,0,62,100,1,100.0,0.0,34.0,37.9,604.375,20.223362109204295
106,2016,INDEPENDENT,BRIGHTON GRAMMAR SCHOOL,BRIGHTON,35,3,0,217,7,0,98,100,29,100.0,0.0,34.0,22.3,604.375,20.223362109204295
107,2016,CATHOLIC,STAR OF THE SEA COLLEGE,BRIGHTON,47,16,0,257,62,9,99,99,8,94.0,100.0,34.0,15.0,604.375,20.223362109204295
108,2017,GOVERNMENT,BRIGHTON SECONDARY COLLEGE,BRIGHTON EAST,56,19,0,336,67,0,76,96,11,90.0,0.0,30.0,6.2,642.5,13.919410907075054
109,2017,INDEPENDENT,ST LEONARDS COLLEGE,BRIGHTON EAST,37,5,1,174,23,0,87,100,8,99.0,0.0,34.0,15.9,642.5,13.919410907075054
110,2016,GOVERNMENT,BRIGHTON SECONDARY COLLEGE,BRIGHTON EAST,47,15,0,316,70,0,78,96,17,86.0,0.0,30.0,6.2,642.5,13.919410907075054
111,2016,INDEPENDENT,ST LEONARDS COLLEGE,BRIGHTON EAST,42,8,1,203,27,0,93,100,10,96.0,0.0,33.0,14.7,642.5,13.919410907075054
112,2017,GOVERNMENT,BRUNSWICK SECONDARY COLLEGE,BRUNSWICK,56,22,0,192,85,35,85,99,0,82.0,88.0,30.0,6.8,431.875,11.162856937182346
113,2016,GOVERNMENT,BRUNSWICK SECONDARY COLLEGE,BRUNSWICK,44,25,0,140,49,53,87,99,3,88.0,80.0,29.0,4.3,431.875,11.162856937182346
114,2017,GOVERNMENT,BUCKLEY PARK COLLEGE,ESSENDON,49,21,0,237,44,36,90,98,16,91.0,93.0,31.0,8.9,377.5,11.989578808281799
115,2017,GOVERNMENT,ESSENDON KEILOR COLLEGE,ESSENDON,38,12,0,195,62,21,96,97,10,89.0,97.0,25.0,1.7,377.5,11.989578808281799
116,2017,INDEPENDENT,LOWTHER HALL ANGLICAN GRAMMAR SCHOOL,ESSENDON,31,4,0,234,160,0,100,100,14,100.0,0.0,36.0,25.2,377.5,11.989578808281799
117,2017,CATHOLIC,ST BERNARD'S COLLEGE,ESSENDON,46,24,0,314,144,26,90,100,5,93.0,95.0,31.0,8.0,377.5,11.989578808281799
118,2017,CATHOLIC,ST COLUMBA'S COLLEGE,ESSENDON,53,14,0,237,55,12,98,100,10,96.0,90.0,32.0,11.9,377.5,11.989578808281799
119,2016,GOVERNMENT,BUCKLEY PARK COLLEGE,ESSENDON,47,16,0,205,30,28,90,98,11,100.0,83.0,30.0,7.1,377.5,11.989578808281799
120,2016,GOVERNMENT,ESSENDON KEILOR COLLEGE,ESSENDON,49,21,0,250,150,26,89,94,12,63.0,79.0,23.0,1.9,377.5,11.989578808281799
121,2016,CATHOLIC,ST BERNARD'S COLLEGE,ESSENDON,50,21,0,367,144,17,89,100,18,94.0,98.0,32.0,10.2,377.5,11.989578808281799
122,2016,CATHOLIC,ST COLUMBA'S COLLEGE,ESSENDON,45,15,0,213,45,12,100,100,10,97.0,100.0,32.0,10.3,377.5,11.989578808281799
123,2017,GOVERNMENT,BUNDOORA SECONDARY COLLEGE,BUNDOORA,30,18,0,73,73,32,74,92,1,78.0,66.0,22.0,1.1,366.875,8.267972847076846
124,2017,INDEPENDENT,NORTHSIDE CHRISTIAN COLLEGE,BUNDOORA,20,8,0,28,13,0,62,100,2,98.0,0.0,30.0,10.4,366.875,8.267972847076846
125,2017,CATHOLIC,PARADE COLLEGE,BUNDOORA,60,21,0,359,281,123,91,100,23,89.0,99.0,31.0,6.6,366.875,8.267972847076846
126,2016,GOVERNMENT,BUNDOORA SECONDARY COLLEGE,BUNDOORA,38,27,0,93,89,29,87,96,0,68.0,58.0,21.0,0.0,366.875,8.267972847076846
127,2016,INDEPENDENT,NORTHSIDE CHRISTIAN COLLEGE,BUNDOORA,18,10,0,29,16,5,69,100,0,99.0,100.0,27.0,5.1,366.875,8.267972847076846
128,2016,CATHOLIC,PARADE COLLEGE,BUNDOORA,66,28,0,428,311,128,81,99,13,90.0,96.0,31.0,9.1,366.875,8.267972847076846
129,2017,INDEPENDENT,CAMBERWELL ANGLICAN GIRLS GRAMMAR SCHOOL,CANTERBURY,34,1,0,164,0,0,100,100,36,0.0,0.0,36.0,27.4,462.875,13.336392878136127
130,2017,GOVERNMENT,CANTERBURY GIRLS SECONDARY COLLEGE,CANTERBURY,55,13,0,257,22,0,94,100,26,95.0,0.0,32.0,13.1,462.875,13.336392878136127
131,2017,INDEPENDENT,STRATHCONA BAPTIST GIRLS GRAMMAR SCHOOL,CANTERBURY,33,3,0,163,0,0,98,100,25,0.0,0.0,36.0,25.8,462.875,13.336392878136127
132,2016,INDEPENDENT,CAMBERWELL ANGLICAN GIRLS GRAMMAR SCHOOL,CANTERBURY,32,2,0,181,0,0,100,100,51,0.0,0.0,35.0,17.7,462.875,13.336392878136127
133,2016,INDEPENDENT,CAMBERWELL GRAMMAR SCHOOL,CANTERBURY,40,10,0,310,28,0,97,100,71,94.0,0.0,35.0,24.0,462.875,13.336392878136127
134,2016,GOVERNMENT,CAMBERWELL HIGH SCHOOL,CANTERBURY,60,22,0,316,70,17,94,99,19,95.0,79.0,31.0,7.3,462.875,13.336392878136127
135,2016,GOVERNMENT,CANTERBURY GIRLS SECONDARY COLLEGE,CANTERBURY,50,12,0,294,25,0,96,99,24,93.0,0.0,32.0,15.8,462.875,13.336392878136127
136,2016,INDEPENDENT,STRATHCONA BAPTIST GIRLS GRAMMAR SCHOOL,CANTERBURY,39,5,0,165,10,0,95,100,22,100.0,0.0,36.0,25.8,462.875,13.336392878136127
137,2017,INDEPENDENT,CAREY BAPTIST GRAMMAR SCHOOL,KEW,41,6,1,225,6,0,92,100,29,94.0,0.0,33.0,10.5,481.0,7.211102550927978
138,2017,CATHOLIC,GENAZZANO F.C.J. COLLEGE,KEW,41,6,0,286,8,0,98,100,41,91.0,0.0,35.0,22.0,481.0,7.211102550927978
139,2017,INDEPENDENT,METHODIST LADIES COLLEGE,KEW,46,12,1,384,133,0,99,100,45,99.0,0.0,36.0,28.3,481.0,7.211102550927978
140,2017,INDEPENDENT,PRESHIL THE MARGARET LYTTLE MEMORIAL SCHOOL,KEW,22,8,0,47,11,0,84,96,0,85.0,0.0,29.0,3.0,481.0,7.211102550927978
141,2017,INDEPENDENT,RUYTON GIRLS' SCHOOL,KEW,37,7,0,160,18,0,100,100,27,100.0,0.0,36.0,26.8,481.0,7.211102550927978
142,2016,CATHOLIC,GENAZZANO F.C.J. COLLEGE,KEW,39,6,0,259,7,0,99,100,27,100.0,0.0,35.0,22.6,481.0,7.211102550927978
143,2016,INDEPENDENT,METHODIST LADIES COLLEGE,KEW,49,11,1,413,145,0,99,100,53,98.0,0.0,34.0,22.5,481.0,7.211102550927978
144,2016,INDEPENDENT,PRESHIL THE MARGARET LYTTLE MEMORIAL SCHOOL,KEW,19,7,0,33,9,0,72,96,0,89.0,0.0,27.0,3.0,481.0,7.211102550927978
145,2016,INDEPENDENT,RUYTON GIRLS' SCHOOL,KEW,40,6,0,147,16,0,100,100,19,100.0,0.0,37.0,30.3,481.0,7.211102550927978
146,2016,INDEPENDENT,TRINITY GRAMMAR SCHOOL,KEW,38,6,0,268,22,0,99,100,26,93.0,0.0,36.0,29.8,481.0,7.211102550927978
147,2017,INDEPENDENT,CASEY GRAMMAR SCHOOL,CRANBOURNE,27,6,0,93,7,0,89,100,1,100.0,0.0,27.0,2.6,370.0,7.5
148,2017,GOVERNMENT,CRANBOURNE SECONDARY COLLEGE,CRANBOURNE,49,37,0,171,230,125,79,99,4,85.0,85.0,28.0,3.4,370.0,7.5
149,2017,INDEPENDENT,LIGHTHOUSE CHRISTIAN COLLEGE CRANBOURNE,CRANBOURNE,18,0,0,87,0,0,49,98,5,0.0,0.0,30.0,9.0,370.0,7.5
150,2017,CATHOLIC,ST PETER'S COLLEGE,CRANBOURNE,59,34,0,287,196,59,80,100,4,88.0,92.0,27.0,2.3,370.0,7.5
151,2016,INDEPENDENT,CASEY GRAMMAR SCHOOL,CRANBOURNE,29,3,0,128,4,0,86,100,2,100.0,0.0,29.0,4.5,370.0,7.5
152,2016,GOVERNMENT,CRANBOURNE SECONDARY COLLEGE,CRANBOURNE,52,38,0,307,312,230,79,95,1,90.0,83.0,27.0,2.7,370.0,7.5
153,2016,INDEPENDENT,LIGHTHOUSE CHRISTIAN COLLEGE CRANBOURNE,CRANBOURNE,16,0,0,89,0,0,80,100,1,0.0,0.0,26.0,3.5,370.0,7.5
154,2016,GOVERNMENT,LYNDHURST SECONDARY COLLEGE,CRANBOURNE,44,32,0,148,111,154,63,100,0,86.0,82.0,26.0,1.9,370.0,7.5
155,2016,CATHOLIC,ST PETER'S COLLEGE,CRANBOURNE,61,37,0,260,166,59,76,98,2,92.0,95.0,27.0,2.1,370.0,7.5
156,2017,GOVERNMENT,CASTLEMAINE SECONDARY COLLEGE,CASTLEMAINE,42,13,0,162,114,31,58,100,4,68.0,81.0,26.0,2.1,312.5,6.614378277661476
157,2016,GOVERNMENT,CASTLEMAINE SECONDARY COLLEGE,CASTLEMAINE,40,14,0,170,146,29,74,99,3,62.0,80.0,28.0,5.7,312.5,6.614378277661476
158,2017,CATHOLIC,CATHOLIC COLLEGE SALE,SALE,36,14,0,239,122,42,76,100,1,95.0,100.0,30.0,8.6,272.5,5.0
159,2017,INDEPENDENT,GIPPSLAND GRAMMAR - SENIOR,SALE,40,15,0,173,44,13,91,100,8,98.0,95.0,32.0,11.3,272.5,5.0
160,2017,GOVERNMENT,SALE COLLEGE,SALE,41,18,0,160,94,69,64,96,2,83.0,84.0,25.0,0.9,272.5,5.0
161,2016,CATHOLIC,CATHOLIC COLLEGE SALE,SALE,45,17,0,232,139,42,84,100,0,94.0,99.0,31.0,12.1,272.5,5.0
162,2016,INDEPENDENT,GIPPSLAND GRAMMAR - SENIOR,SALE,37,10,0,175,49,12,92,100,12,97.0,100.0,31.0,8.3,272.5,5.0
163,2016,GOVERNMENT,SALE COLLEGE,SALE,35,15,0,136,86,51,61,94,0,83.0,83.0,26.0,2.5,272.5,5.0
164,2017,CATHOLIC,CATHOLIC COLLEGE WODONGA,WODONGA,41,13,0,257,185,45,65,98,5,97.0,83.0,29.0,3.7,294.375,4.635124054434789
165,2017,GOVERNMENT,WODONGA SENIOR SECONDARY COLLEGE,WODONGA,68,45,0,417,572,259,49,95,1,95.0,66.0,25.0,1.8,294.375,4.635124054434789
166,2016,CATHOLIC,CATHOLIC COLLEGE WODONGA,WODONGA,36,10,0,238,205,32,61,99,2,96.0,97.0,29.0,4.9,294.375,4.635124054434789
167,2016,GOVERNMENT,WODONGA SENIOR SECONDARY COLLEGE,WODONGA,62,34,0,362,528,104,30,87,1,97.0,50.0,24.0,1.5,294.375,4.635124054434789
168,2017,CATHOLIC,CATHOLIC LADIES COLLEGE,ELTHAM,34,14,0,206,81,19,99,100,6,99.0,95.0,31.0,5.5,411.25,10.825317547305483
169,2017,GOVERNMENT,ELTHAM HIGH SCHOOL,ELTHAM,55,25,0,270,108,20,74,98,13,88.0,100.0,29.0,5.2,411.25,10.825317547305483
170,2017,GOVERNMENT,ST HELENA SECONDARY COLLEGE,ELTHAM,54,28,0,389,301,37,87,99,1,85.0,94.0,30.0,5.7,411.25,10.825317547305483
171,2016,CATHOLIC,CATHOLIC LADIES COLLEGE,ELTHAM,51,20,0,189,92,24,96,100,20,99.0,89.0,32.0,10.6,411.25,10.825317547305483
172,2016,GOVERNMENT,ST HELENA SECONDARY COLLEGE,ELTHAM,44,22,0,361,250,38,92,98,2,82.0,86.0,30.0,5.6,411.25,10.825317547305483
173,2017,GOVERNMENT,CHELTENHAM SECONDARY COLLEGE,CHELTENHAM,54,30,0,226,117,41,94,99,5,86.0,78.0,29.0,6.2,430.0,14.361406616345072
174,2016,GOVERNMENT,CHELTENHAM SECONDARY COLLEGE,CHELTENHAM,65,32,0,245,126,20,82,98,5,92.0,94.0,30.0,5.1,430.0,14.361406616345072
175,2017,CATHOLIC,CLONARD COLLEGE,HERNE HILL,58,25,0,191,69,39,78,100,9,88.0,95.0,30.0,4.9,309.75,11.143944544011335
176,2017,GOVERNMENT,COLLINGWOOD COLLEGE,COLLINGWOOD,36,21,0,73,57,31,79,96,0,65.0,57.0,26.0,3.2,453.125,9.662265521087692
177,2017,CATHOLIC,DAMASCUS COLLEGE,MOUNT CLEAR,49,28,0,184,94,32,73,100,6,92.0,92.0,28.0,5.7,312.5,3.5355339059327378
178,2017,GOVERNMENT,MOUNT CLEAR COLLEGE,MOUNT CLEAR,53,29,0,168,141,66,57,90,0,73.0,60.0,24.0,1.3,312.5,3.5355339059327378
179,2016,CATHOLIC,DAMASCUS COLLEGE,MOUNT CLEAR,45,29,0,208,103,36,68,100,4,92.0,88.0,28.0,3.0,312.5,3.5355339059327378
180,2016,GOVERNMENT,MOUNT CLEAR COLLEGE,MOUNT CLEAR,57,43,0,223,253,43,55,85,3,61.0,85.0,25.0,2.2,312.5,3.5355339059327378
181,2017,GOVERNMENT,DANDENONG HIGH SCHOOL,DANDENONG,69,30,0,437,258,93,79,94,7,71.0,59.0,24.0,0.5,326.875,8.992184106211349
182,2017,CATHOLIC,ST JOHN'S REGIONAL COLLEGE,DANDENONG,46,21,0,204,138,30,88,99,5,94.0,98.0,28.0,3.0,326.875,8.992184106211349
183,2016,GOVERNMENT,DANDENONG HIGH SCHOOL,DANDENONG,70,35,0,381,261,104,88,96,5,87.0,80.0,24.0,0.8,326.875,8.992184106211349
184,2016,CATHOLIC,ST JOHN'S REGIONAL COLLEGE,DANDENONG,57,25,0,195,159,39,95,99,2,100.0,98.0,25.0,1.8,326.875,8.992184106211349
185,2017,GOVERNMENT,DISTANCE EDUCATION CENTRE VICTORIA,THORNBURY,80,34,0,404,69,0,41,89,3,70.0,0.0,28.0,3.9,373.5,13.35102992281869
186,2017,GOVERNMENT,THORNBURY HIGH SCHOOL,THORNBURY,49,26,0,202,119,72,95,98,2,78.0,88.0,30.0,4.5,373.5,13.35102992281869
187,2016,GOVERNMENT,DISTANCE EDUCATION CENTRE VICTORIA,THORNBURY,70,24,0,366,51,24,36,86,1,75.0,58.0,27.0,3.4,373.5,13.35102992281869
188,2016,GOVERNMENT,THORNBURY HIGH SCHOOL,THORNBURY,47,20,0,323,215,199,87,98,3,96.0,92.0,29.0,4.7,373.5,13.35102992281869
189,2017,GOVERNMENT,EAST DONCASTER SECONDARY COLLEGE,DONCASTER EAST,59,30,0,370,60,18,94,99,40,98.0,100.0,32.0,11.6,460.625,9.82264602843857
190,2016,GOVERNMENT,EAST DONCASTER SECONDARY COLLEGE,DONCASTER EAST,65,28,0,373,73,18,94,98,41,98.0,100.0,32.0,11.6,460.625,9.82264602843857
191,2017,GOVERNMENT,ELWOOD COLLEGE,ELWOOD,36,11,0,121,20,0,57,94,5,83.0,0.0,30.0,7.3,412.25,8.089344843681719
192,2016,GOVERNMENT,ELWOOD COLLEGE,ELWOOD,42,14,0,106,16,0,73,93,7,86.0,0.0,29.0,6.4,412.25,8.089344843681719
193,2017,INDEPENDENT,FINTONA GIRLS SCHOOL,BALWYN,27,0,0,91,0,0,96,100,19,0.0,0.0,35.0,22.0,501.25,3.307189138830738
194,2016,INDEPENDENT,FINTONA GIRLS SCHOOL,BALWYN,32,1,0,105,0,0,98,100,26,0.0,0.0,35.0,24.8,501.25,3.307189138830738
195,2017,GOVERNMENT,FITZROY HIGH SCHOOL,FITZROY NORTH,51,26,0,113,73,29,95,100,1,77.0,71.0,30.0,4.7,512.5,13.693063937629153
196,2017,CATHOLIC,SIMONDS CATHOLIC COLLEGE,FITZROY NORTH,34,18,0,107,45,15,92,98,6,84.0,95.0,31.0,4.2,512.5,13.693063937629153
197,2016,CATHOLIC,SIMONDS CATHOLIC COLLEGE,FITZROY NORTH,33,13,0,106,37,18,93,98,0,86.0,89.0,28.0,3.0,512.5,13.693063937629153
198,2017,INDEPENDENT,FLINDERS CHRISTIAN COMMUNITY COLLEGE - LATROBE CITY CAMP,TRARALGON,18,4,0,23,7,7,93,100,0,87.0,100.0,30.0,1.3,273.125,4.284784125250653
199,2017,CATHOLIC,LAVALLA CATHOLIC COLLEGE,TRARALGON,50,26,0,276,224,45,75,99,2,97.0,76.0,27.0,3.1,273.125,4.284784125250653
200,2017,GOVERNMENT,TRARALGON COLLEGE,TRARALGON,33,23,0,125,80,72,52,90,0,74.0,96.0,23.0,0.0,273.125,4.284784125250653
201,2016,INDEPENDENT,FLINDERS CHRISTIAN COMMUNITY COLLEGE - LATROBE CITY CAMP,TRARALGON,18,8,0,32,10,5,100,100,0,81.0,95.0,28.0,3.5,273.125,4.284784125250653
202,2016,CATHOLIC,LAVALLA CATHOLIC COLLEGE,TRARALGON,53,37,0,251,248,54,75,100,1,95.0,73.0,28.0,3.0,273.125,4.284784125250653
203,2016,GOVERNMENT,TRARALGON COLLEGE,TRARALGON,41,21,0,105,74,56,74,94,0,77.0,53.0,26.0,0.0,273.125,4.284784125250653
204,2017,GOVERNMENT,FOOTSCRAY CITY COLLEGE,FOOTSCRAY,47,8,0,168,65,35,80,99,3,64.0,89.0,29.0,4.7,353.75,8.926785535678562
205,2017,GOVERNMENT,GILMORE COLLEGE FOR GIRLS,FOOTSCRAY,23,1,0,49,0,0,100,100,2,0.0,0.0,29.0,7.4,353.75,8.926785535678562
206,2016,GOVERNMENT,FOOTSCRAY CITY COLLEGE,FOOTSCRAY,42,10,0,180,98,57,78,98,6,79.0,89.0,28.0,5.3,353.75,8.926785535678562
207,2016,GOVERNMENT,GILMORE COLLEGE FOR GIRLS,FOOTSCRAY,20,1,0,45,0,0,93,97,4,0.0,0.0,26.0,2.3,353.75,8.926785535678562
208,2017,GOVERNMENT,FRANKSTON HIGH SCHOOL - VCE CAMPUS,FRANKSTON,69,26,0,498,152,0,76,100,16,88.0,0.0,31.0,9.3,336.25,8.926785535678562
209,2017,GOVERNMENT,MCCLELLAND SECONDARY COLLEGE,FRANKSTON,46,32,0,152,147,163,54,98,3,69.0,86.0,29.0,3.8,336.25,8.926785535678562
210,2017,GOVERNMENT,MOUNT ERIN COLLEGE,FRANKSTON,42,22,0,133,64,37,68,99,1,92.0,88.0,27.0,0.9,336.25,8.926785535678562
211,2016,GOVERNMENT,FRANKSTON HIGH SCHOOL - VCE CAMPUS,FRANKSTON,65,28,0,486,152,0,80,99,22,97.0,0.0,31.0,9.0,336.25,8.926785535678562
212,2016,CATHOLIC,JOHN PAUL COLLEGE,FRANKSTON,41,24,0,256,56,27,86,100,2,84.0,96.0,27.0,2.0,336.25,8.926785535678562
213,2016,GOVERNMENT,MCCLELLAND SECONDARY COLLEGE,FRANKSTON,54,36,0,133,134,153,64,97,3,69.0,81.0,27.0,1.9,336.25,8.926785535678562
214,2016,GOVERNMENT,MOUNT ERIN COLLEGE,FRANKSTON,47,29,0,250,158,125,67,93,0,93.0,93.0,28.0,3.6,336.25,8.926785535678562
215,2017,INDEPENDENT,GEELONG GRAMMAR SCHOOL,CORIO,36,4,1,219,7,0,79,99,2,98.0,0.0,31.0,8.2,253.125,4.284784125250653
216,2017,GOVERNMENT,NORTHERN BAY P-12 COLLEGE,CORIO,40,29,0,74,93,71,55,88,0,70.0,48.0,22.0,0.0,253.125,4.284784125250653
217,2016,INDEPENDENT,GEELONG GRAMMAR SCHOOL,CORIO,36,2,1,230,7,0,87,100,8,80.0,0.0,32.0,7.3,253.125,4.284784125250653
218,2016,GOVERNMENT,NORTHERN BAY P-12 COLLEGE,CORIO,41,26,0,67,154,67,57,96,0,60.0,51.0,22.0,0.0,253.125,4.284784125250653
219,2017,INDEPENDENT,GOULBURN VALLEY GRAMMAR SCHOOL,SHEPPARTON,28,2,0,147,0,0,96,100,9,0.0,0.0,34.0,17.2,266.875,4.284784125250653
220,2017,GOVERNMENT,MCGUIRE COLLEGE SHEPPARTON,SHEPPARTON,45,20,0,98,67,29,80,94,0,65.0,45.0,24.0,3.3,266.875,4.284784125250653
221,2017,CATHOLIC,NOTRE DAME COLLEGE,SHEPPARTON,66,39,0,395,628,122,75,99,3,88.0,84.0,29.0,6.7,266.875,4.284784125250653
222,2017,INDEPENDENT,SHEPPARTON CHRISTIAN COLLEGE,SHEPPARTON,33,14,0,33,22,9,56,100,0,77.0,68.0,28.0,10.5,266.875,4.284784125250653
223,2017,GOVERNMENT,SHEPPARTON HIGH SCHOOL,SHEPPARTON,47,23,0,125,94,85,72,84,0,72.0,86.0,24.0,2.0,266.875,4.284784125250653
224,2017,GOVERNMENT,WANGANUI PARK SECONDARY COLLEGE,SHEPPARTON,51,21,0,248,134,82,69,99,2,80.0,80.0,27.0,2.9,266.875,4.284784125250653
225,2016,GOVERNMENT,MCGUIRE COLLEGE SHEPPARTON,SHEPPARTON,38,19,0,84,54,22,68,97,0,75.0,62.0,23.0,0.0,266.875,4.284784125250653
226,2016,CATHOLIC,NOTRE DAME COLLEGE,SHEPPARTON,67,40,0,356,574,99,80,99,1,77.0,90.0,29.0,3.2,266.875,4.284784125250653
227,2016,INDEPENDENT,SHEPPARTON CHRISTIAN COLLEGE,SHEPPARTON,26,14,0,37,25,10,83,92,2,81.0,80.0,28.0,1.6,266.875,4.284784125250653
228,2016,GOVERNMENT,SHEPPARTON HIGH SCHOOL,SHEPPARTON,44,19,0,123,88,69,61,89,0,89.0,97.0,27.0,1.7,266.875,4.284784125250653
229,2017,INDEPENDENT,HEATHDALE CHRISTIAN COLLEGE WERRIBEE CAMPUS,WERRIBEE,40,15,0,95,120,9,100,100,3,94.0,100.0,29.0,6.5,333.125,10.288798520721455
230,2017,SELECTIVE,SUZANNE CORY HIGH SCHOOL,WERRIBEE,36,0,0,403,0,0,99,100,49,0.0,0.0,35.0,19.7,333.125,10.288798520721455
231,2017,GOVERNMENT,WERRIBEE SECONDARY COLLEGE,WERRIBEE,78,40,1,313,142,81,81,94,14,65.0,92.0,30.0,10.1,333.125,10.288798520721455
232,2017,GOVERNMENT,WYNDHAM CENTRAL SECONDARY COLLEGE,WERRIBEE,37,23,0,107,79,30,75,89,0,65.0,94.0,27.0,2.1,333.125,10.288798520721455
233,2016,INDEPENDENT,HEATHDALE CHRISTIAN COLLEGE WERRIBEE CAMPUS,WERRIBEE,46,12,0,103,134,8,93,100,4,97.0,100.0,29.0,9.9,333.125,10.288798520721455
234,2016,CATHOLIC,MACKILLOP CATHOLIC REGIONAL COLLEGE WERRIBEE,WERRIBEE,59,34,0,276,195,71,83,97,2,89.0,87.0,30.0,4.6,333.125,10.288798520721455
235,2016,SELECTIVE,SUZANNE CORY HIGH SCHOOL,WERRIBEE,39,1,0,379,4,0,96,100,35,100.0,0.0,34.0,15.5,333.125,10.288798520721455
236,2016,GOVERNMENT,WERRIBEE SECONDARY COLLEGE,WERRIBEE,80,48,1,324,190,103,86,93,8,68.0,90.0,30.0,5.8,333.125,10.288798520721455
237,2016,GOVERNMENT,WYNDHAM CENTRAL SECONDARY COLLEGE,WERRIBEE,45,32,0,122,80,36,81,92,0,72.0,91.0,28.0,4.2,333.125,10.288798520721455
238,2017,GOVERNMENT,HORSHAM COLLEGE,HORSHAM,44,25,0,148,133,42,73,96,4,96.0,36.0,29.0,6.4,254.375,4.635124054434789
239,2017,CATHOLIC,ST BRIGID'S COLLEGE,HORSHAM,36,19,0,104,57,85,77,98,0,69.0,85.0,28.0,2.7,254.375,4.635124054434789
240,2016,CATHOLIC,ST BRIGID'S COLLEGE,HORSHAM,29,15,0,99,78,114,70,98,0,97.0,92.0,28.0,3.9,254.375,4.635124054434789
241,2017,GOVERNMENT,HUME CENTRAL SECONDARY COLLEGE - TOWN PARK CAMPUS,BROADMEADOWS,37,24,0,155,105,77,95,100,0,100.0,80.0,23.0,1.9,339.375,8.076779989575053
242,2017,INDEPENDENT,ILIM COLLEGE,BROADMEADOWS,18,0,0,100,0,0,93,98,3,0.0,0.0,29.0,7.8,339.375,8.076779989575053
243,2017,CATHOLIC,PENOLA CATHOLIC COLLEGE,BROADMEADOWS,57,31,0,263,243,70,81,99,8,92.0,91.0,29.0,2.1,339.375,8.076779989575053
244,2017,INDEPENDENT,SIRIUS COLLEGE - EASTMEADOWS CAMPUS,BROADMEADOWS,17,0,0,138,0,0,100,100,9,0.0,0.0,31.0,9.4,339.375,8.076779989575053
245,2016,INDEPENDENT,GLENVALE SCHOOL,BROADMEADOWS,15,3,0,107,157,0,0,96,0,99.0,0.0,33.0,12.3,339.375,8.076779989575053
246,2016,INDEPENDENT,ILIM COLLEGE OF AUSTRALIA,BROADMEADOWS,26,7,0,96,10,12,92,100,6,100.0,74.0,29.0,7.3,339.375,8.076779989575053
247,2016,CATHOLIC,PENOLA CATHOLIC COLLEGE,BROADMEADOWS,56,27,0,328,233,66,85,100,12,90.0,83.0,28.0,2.2,339.375,8.076779989575053
248,2016,INDEPENDENT,SIRIUS COLLEGE - MEADOW FAIR CAMPUS,BROADMEADOWS,16,0,0,125,0,0,90,100,5,0.0,0.0,31.0,11.4,339.375,8.076779989575053
249,2017,INDEPENDENT,IVANHOE GIRLS' GRAMMAR SCHOOL,IVANHOE,38,7,0,276,118,0,99,100,20,78.0,0.0,34.0,19.6,435.0,12.99038105676658
250,2017,INDEPENDENT,IVANHOE GRAMMAR SCHOOL,IVANHOE,36,2,1,309,50,0,88,99,21,100.0,0.0,33.0,13.2,435.0,12.99038105676658
251,2016,INDEPENDENT,IVANHOE GIRLS' GRAMMAR SCHOOL,IVANHOE,44,8,0,273,103,0,100,100,22,70.0,0.0,34.0,18.4,435.0,12.99038105676658
252,2016,INDEPENDENT,IVANHOE GRAMMAR SCHOOL,IVANHOE,33,2,1,275,50,0,90,100,14,100.0,0.0,33.0,12.3,435.0,12.99038105676658
253,2017,SELECTIVE,JOHN MONASH SCIENCE SCHOOL,CLAYTON,45,1,0,410,0,0,97,100,61,0.0,0.0,34.0,16.8,376.875,8.992184106211349
254,2016,SELECTIVE,JOHN MONASH SCIENCE SCHOOL,CLAYTON,45,7,0,398,9,0,99,100,40,100.0,0.0,34.0,15.6,376.875,8.992184106211349
255,2017,CATHOLIC,KILBREDA COLLEGE,MENTONE,42,16,0,267,77,19,87,100,10,97.0,100.0,30.0,7.3,392.5,7.905694150420948
256,2017,INDEPENDENT,MENTONE GIRLS' GRAMMAR SCHOOL,MENTONE,38,4,0,168,30,0,98,99,26,100.0,0.0,34.0,20.9,392.5,7.905694150420948
257,2017,INDEPENDENT,MENTONE GRAMMAR SCHOOL,MENTONE,46,14,0,264,62,7,93,99,13,89.0,100.0,35.0,21.2,392.5,7.905694150420948
258,2017,CATHOLIC,ST BEDE'S COLLEGE,MENTONE,45,19,0,349,118,43,85,100,6,96.0,100.0,31.0,7.9,392.5,7.905694150420948
259,2016,CATHOLIC,KILBREDA COLLEGE,MENTONE,44,13,0,268,74,25,92,100,11,99.0,100.0,31.0,5.9,392.5,7.905694150420948
260,2016,GOVERNMENT,MENTONE GIRLS' SECONDARY COLLEGE,MENTONE,45,12,0,290,63,0,95,99,16,94.0,0.0,31.0,7.1,392.5,7.905694150420948
261,2016,INDEPENDENT,MENTONE GRAMMAR SCHOOL,MENTONE,42,9,0,256,37,0,97,100,28,99.0,0.0,34.0,18.2,392.5,7.905694150420948
262,2017,CATHOLIC,KILLESTER COLLEGE,SPRINGVALE,53,20,0,229,108,26,96,100,17,86.0,98.0,31.0,7.2,360.0,9.013878188659973
263,2017,INDEPENDENT,MINARET COLLEGE,SPRINGVALE,23,0,0,156,0,0,100,100,0,0.0,0.0,27.0,4.7,360.0,9.013878188659973
264,2016,CATHOLIC,KILLESTER COLLEGE,SPRINGVALE,36,16,0,206,109,19,92,98,15,98.0,89.0,30.0,5.3,360.0,9.013878188659973
265,2017,GOVERNMENT,KURUNJANG SECONDARY COLLEGE,MELTON,33,23,0,125,83,75,84,100,0,57.0,62.0,22.0,0.3,305.625,10.43955818030629
266,2017,GOVERNMENT,MELTON SECONDARY COLLEGE,MELTON,50,29,0,159,139,99,84,94,1,56.0,75.0,27.0,4.4,305.625,10.43955818030629
267,2016,GOVERNMENT,KURUNJANG SECONDARY COLLEGE,MELTON,39,22,0,141,92,72,65,90,0,62.0,77.0,24.0,0.0,305.625,10.43955818030629
268,2016,GOVERNMENT,MELTON SECONDARY COLLEGE,MELTON,55,28,0,155,130,78,68,94,1,59.0,70.0,26.0,0.8,305.625,10.43955818030629
269,2017,GOVERNMENT,LARA SECONDARY COLLEGE,LARA,41,28,0,139,87,56,50,92,0,81.0,83.0,23.0,0.7,343.75,8.926785535678562
270,2016,GOVERNMENT,LARA SECONDARY COLLEGE,LARA,43,24,0,118,90,56,75,99,1,65.0,83.0,26.0,0.6,343.75,8.926785535678562
271,2017,INDEPENDENT,LAURISTON GIRLS SCHOOL,ARMADALE,36,10,1,93,16,0,90,100,6,97.0,0.0,35.0,29.7,423.75,24.968730444297723
272,2017,INDEPENDENT,THE KING DAVID SCHOOL- SENIOR SCHOOL,ARMADALE,39,11,0,124,67,0,94,100,5,97.0,0.0,36.0,25.3,423.75,24.968730444297723
273,2016,INDEPENDENT,LAURISTON GIRLS SCHOOL,ARMADALE,28,2,1,108,0,0,97,100,11,0.0,0.0,36.0,24.7,423.75,24.968730444297723
274,2016,INDEPENDENT,THE KING DAVID SCHOOL- SENIOR SCHOOL,ARMADALE,45,16,0,144,70,0,96,100,6,97.0,0.0,35.0,23.2,423.75,24.968730444297723
275,2017,INDEPENDENT,LEIBLER YAVNEH COLLEGE,ELSTERNWICK,30,9,0,124,90,0,97,100,4,89.0,0.0,35.0,27.9,405.5,11.368817000902073
276,2016,INDEPENDENT,LEIBLER YAVNEH COLLEGE,ELSTERNWICK,34,12,0,120,82,0,97,100,3,93.0,0.0,36.0,29.0,405.5,11.368817000902073
277,2017,CATHOLIC,LORETO MANDEVILLE HALL,TOORAK,36,3,0,208,0,0,98,100,20,0.0,0.0,36.0,27.0,473.375,13.387844299961065
278,2017,INDEPENDENT,ST CATHERINE'S SCHOOL,TOORAK,36,8,0,161,19,0,98,100,25,96.0,0.0,34.0,20.0,473.375,13.387844299961065
279,2017,CATHOLIC,ST KEVIN'S COLLEGE TOORAK,TOORAK,39,5,0,371,8,0,97,100,24,100.0,0.0,37.0,30.8,473.375,13.387844299961065
280,2016,CATHOLIC,LORETO MANDEVILLE HALL,TOORAK,40,5,0,218,7,0,100,100,29,100.0,0.0,36.0,31.1,473.375,13.387844299961065
281,2016,INDEPENDENT,ST CATHERINE'S SCHOOL,TOORAK,32,10,0,136,13,0,100,100,16,95.0,0.0,35.0,18.0,473.375,13.387844299961065
282,2017,GOVERNMENT,LYNDALE SECONDARY COLLEGE,DANDENONG NORTH,53,25,0,171,103,58,98,96,4,90.0,76.0,26.0,2.8,337.625,7.210019070709869
283,2016,GOVERNMENT,LYNDALE SECONDARY COLLEGE,DANDENONG NORTH,55,32,0,220,134,74,93,99,2,96.0,80.0,26.0,1.6,337.625,7.210019070709869
284,2017,CATHOLIC,MARCELLIN COLLEGE,BULLEEN,52,23,0,291,137,29,94,100,13,94.0,94.0,30.0,7.5,453.125,5.555121510822243
285,2017,CATHOLIC,MARIST SION COLLEGE,WARRAGUL,35,13,0,150,57,23,77,98,0,92.0,75.0,29.0,6.0,299.375,7.261843774138907
286,2017,GOVERNMENT,WARRAGUL REGIONAL COLLEGE,WARRAGUL,46,27,0,147,90,65,66,95,0,89.0,96.0,25.0,4.1,299.375,7.261843774138907
287,2016,CATHOLIC,MARIST SION COLLEGE,WARRAGUL,34,11,0,178,44,21,73,97,3,81.0,85.0,29.0,3.2,299.375,7.261843774138907
288,2016,INDEPENDENT,ST PAUL'S ANGLICAN GRAMMAR SCHOOL,WARRAGUL,35,13,0,204,66,0,93,100,26,97.0,0.0,31.0,7.5,299.375,7.261843774138907
289,2016,GOVERNMENT,WARRAGUL REGIONAL COLLEGE,WARRAGUL,39,23,0,141,67,50,75,99,4,83.0,96.0,28.0,6.3,299.375,7.261843774138907
290,2017,GOVERNMENT,MATTHEW FLINDERS GIRLS' SECONDARY COLLEGE,GEELONG,53,25,0,158,76,47,73,99,5,93.0,80.0,26.0,1.8,311.25,5.994789404140899
291,2016,GOVERNMENT,MATTHEW FLINDERS GIRLS' SECONDARY COLLEGE,GEELONG,60,33,0,168,67,42,74,96,4,96.0,81.0,27.0,2.0,311.25,5.994789404140899
292,2017,GOVERNMENT,MELBA COLLEGE SENIOR CAMPUS,CROYDON,43,22,0,109,59,32,57,96,2,94.0,82.0,28.0,4.1,378.75,6.49519052838329
293,2016,GOVERNMENT,MELBA COLLEGE SENIOR CAMPUS,CROYDON,43,23,0,160,72,31,67,98,3,95.0,85.0,26.0,3.2,378.75,6.49519052838329
294,2017,GOVERNMENT,MELBOURNE GIRLS' COLLEGE,RICHMOND,50,14,0,381,25,0,96,100,33,98.0,0.0,33.0,14.6,494.375,10.135796712641785
295,2016,GOVERNMENT,LYNALL HALL COMMUNITY SCHOOL,RICHMOND,15,9,0,39,40,44,55,89,0,42.0,41.0,19.0,0.0,494.375,10.135796712641785
296,2016,GOVERNMENT,MELBOURNE GIRLS' COLLEGE,RICHMOND,48,10,0,349,19,0,93,99,35,100.0,0.0,34.0,18.6,494.375,10.135796712641785
297,2017,SELECTIVE,MELBOURNE HIGH SCHOOL,SOUTH YARRA,59,17,0,686,71,0,94,100,121,99.0,0.0,36.0,30.6,445.0,7.0710678118654755
298,2016,INDEPENDENT,MELBOURNE GIRLS GRAMMAR,SOUTH YARRA,38,5,0,164,7,0,96,100,31,100.0,0.0,36.0,26.4,445.0,7.0710678118654755
299,2016,SELECTIVE,MELBOURNE HIGH SCHOOL,SOUTH YARRA,55,14,0,690,58,0,97,100,127,99.0,0.0,37.0,31.7,445.0,7.0710678118654755
300,2017,GOVERNMENT,MILDURA SENIOR COLLEGE,MILDURA,69,43,0,548,380,190,62,95,3,78.0,71.0,27.0,2.1,275.375,4.715334028465004
301,2017,CATHOLIC,ST JOSEPH'S COLLEGE MILDURA,MILDURA,48,27,0,173,91,40,73,100,2,77.0,89.0,29.0,6.3,275.375,4.715334028465004
302,2016,GOVERNMENT,MILDURA SENIOR COLLEGE,MILDURA,75,47,0,600,420,189,60,95,3,68.0,69.0,28.0,3.4,275.375,4.715334028465004
303,2016,CATHOLIC,ST JOSEPH'S COLLEGE MILDURA,MILDURA,45,30,0,173,89,29,73,96,0,90.0,93.0,30.0,6.1,275.375,4.715334028465004
304,2017,GOVERNMENT,MOUNT ALEXANDER 7-12 COLLEGE,FLEMINGTON,27,18,0,64,42,39,93,94,0,85.0,94.0,26.0,1.5,405.625,5.829611908180509
305,2016,GOVERNMENT,MOUNT ALEXANDER 7-12 COLLEGE,FLEMINGTON,27,12,0,46,19,41,79,96,0,78.0,93.0,23.0,4.2,405.625,5.829611908180509
306,2017,GOVERNMENT,MOUNT RIDLEY P-12 COLLEGE,CRAIGIEBURN,49,28,0,202,152,84,99,99,1,66.0,46.0,25.0,2.1,348.125,6.091746465505603
307,2016,GOVERNMENT,CRAIGIEBURN SECONDARY COLLEGE,CRAIGIEBURN,30,13,0,166,229,52,83,98,0,80.0,69.0,24.0,1.8,348.125,6.091746465505603
308,2016,GOVERNMENT,MOUNT RIDLEY P-12 COLLEGE,CRAIGIEBURN,61,31,0,205,142,91,94,99,1,82.0,58.0,24.0,0.7,348.125,6.091746465505603
309,2017,CATHOLIC,MOUNT ST JOSEPH GIRLS' COLLEGE,ALTONA,51,21,0,213,53,28,100,100,13,89.0,95.0,31.0,7.6,378.125,7.880950133074057
310,2016,CATHOLIC,MOUNT ST JOSEPH GIRLS' COLLEGE,ALTONA,49,13,0,227,44,23,99,99,8,90.0,97.0,30.0,6.1,378.125,7.880950133074057
311,2017,GOVERNMENT,NOBLE PARK SECONDARY COLLEGE,NOBLE PARK,30,12,0,103,47,47,76,97,3,72.0,91.0,25.0,2.1,328.125,7.880950133074057
312,2016,GOVERNMENT,NOBLE PARK SECONDARY COLLEGE,NOBLE PARK,32,13,0,99,56,53,79,94,1,82.0,92.0,25.0,1.0,328.125,7.880950133074057
313,2017,INDEPENDENT,NORTH MELBOURNE GRAMMAR COLLEGE,NORTH MELBOURNE,9,1,0,24,0,0,73,80,0,0.0,0.0,22.0,0.0,413.125,10.879309490955757
314,2017,CATHOLIC,ST ALOYSIUS COLLEGE,NORTH MELBOURNE,35,13,0,110,26,10,97,100,8,100.0,100.0,32.0,4.9,413.125,10.879309490955757
315,2016,CATHOLIC,ST ALOYSIUS COLLEGE,NORTH MELBOURNE,42,14,0,103,55,9,93,100,5,77.0,100.0,30.0,5.8,413.125,10.879309490955757
316,2017,GOVERNMENT,NORTHCOTE HIGH SCHOOL,NORTHCOTE,60,30,0,442,153,12,91,99,25,85.0,78.0,31.0,8.9,456.875,10.879309490955757
317,2016,GOVERNMENT,NORTHCOTE HIGH SCHOOL,NORTHCOTE,61,27,0,445,115,0,91,99,19,93.0,0.0,31.0,10.8,456.875,10.879309490955757
318,2016,CATHOLIC,SANTA MARIA COLLEGE,NORTHCOTE,47,19,0,209,39,9,98,100,8,89.0,84.0,31.0,8.0,456.875,10.879309490955757
319,2017,INDEPENDENT,NUNAWADING CHRISTIAN COLLEGE - SECONDARY CAMPUS,NUNAWADING,18,3,0,43,4,0,96,100,0,100.0,0.0,30.0,8.2,390.625,6.817945071647322
320,2016,INDEPENDENT,NUNAWADING CHRISTIAN COLLEGE - SECONDARY CAMPUS,NUNAWADING,16,3,0,35,0,0,100,100,1,0.0,0.0,32.0,14.1,390.625,6.817945071647322
321,2017,CATHOLIC,OUR LADY OF MERCY COLLEGE,HEIDELBERG,49,13,0,339,65,12,96,100,32,93.0,100.0,32.0,11.0,382.5,11.4564392373896
322,2016,CATHOLIC,OUR LADY OF MERCY COLLEGE,HEIDELBERG,53,18,0,324,70,11,96,100,23,95.0,100.0,33.0,10.3,382.5,11.4564392373896
323,2017,CATHOLIC,OUR LADY OF SACRED HEART COLLEGE,BENTLEIGH,49,16,0,169,191,16,98,98,3,100.0,100.0,32.0,8.2,454.0,13.991068579633222
324,2016,CATHOLIC,OUR LADY OF SACRED HEART COLLEGE,BENTLEIGH,39,21,0,172,185,21,99,100,8,97.0,98.0,31.0,8.5,454.0,13.991068579633222
325,2017,INDEPENDENT,OVERNEWTON ANGLICAN COMMUNITY COLLEGE,KEILOR,41,6,0,245,158,0,93,100,6,98.0,0.0,30.0,6.7,404.125,10.682198977738619
326,2016,INDEPENDENT,OVERNEWTON ANGLICAN COMMUNITY COLLEGE,KEILOR,40,11,0,255,147,0,91,100,6,97.0,0.0,30.0,8.5,404.125,10.682198977738619
327,2017,GOVERNMENT,PASCOE VALE GIRLS SECONDARY COLLEGE,PASCOE VALE,39,15,0,266,101,36,91,93,20,78.0,76.0,27.0,2.7,381.0,14.256577429383253
328,2016,GOVERNMENT,PASCOE VALE GIRLS SECONDARY COLLEGE,PASCOE VALE,42,8,0,248,102,13,95,99,14,96.0,85.0,28.0,2.3,381.0,14.256577429383253
329,2017,INDEPENDENT,PENLEIGH AND ESSENDON GRAMMAR SCHOOL,KEILOR EAST,38,5,0,288,9,0,95,100,68,85.0,0.0,35.0,24.0,391.25,7.39509972887452
330,2016,INDEPENDENT,PENLEIGH AND ESSENDON GRAMMAR SCHOOL,KEILOR EAST,37,3,0,310,4,0,92,100,66,18.0,0.0,36.0,25.5,391.25,7.39509972887452
331,2017,GOVERNMENT,RESERVOIR HIGH SCHOOL,RESERVOIR,40,17,0,122,56,18,85,97,8,81.0,96.0,27.0,3.0,346.875,6.584783595532961
332,2017,GOVERNMENT,WILLIAM RUTHVEN SECONDARY COLLEGE,RESERVOIR,24,12,0,82,30,9,86,84,1,65.0,65.0,25.0,1.1,346.875,6.584783595532961
333,2016,GOVERNMENT,RESERVOIR HIGH SCHOOL,RESERVOIR,45,21,0,113,69,24,71,92,2,81.0,91.0,26.0,2.7,346.875,6.584783595532961
334,2016,GOVERNMENT,WILLIAM RUTHVEN SECONDARY COLLEGE,RESERVOIR,31,14,0,94,32,13,92,96,0,62.0,90.0,25.0,1.3,346.875,6.584783595532961
335,2017,GOVERNMENT,ROWVILLE SECONDARY COLLEGE,ROWVILLE,72,41,0,492,232,111,58,94,4,78.0,80.0,27.0,1.5,429.5,9.643650760992955
336,2017,CATHOLIC,SACRED HEART COLLEGE GEELONG,NEWTOWN,69,33,0,387,205,59,90,100,13,99.0,98.0,34.0,13.6,338.5,12.479983974348684
337,2017,CATHOLIC,ST JOSEPH'S COLLEGE NEWTOWN,NEWTOWN,51,22,0,387,236,55,71,99,3,98.0,99.0,31.0,10.0,338.5,12.479983974348684
338,2017,INDEPENDENT,THE GEELONG COLLEGE,NEWTOWN,38,7,0,243,28,0,95,99,29,94.0,0.0,34.0,19.1,338.5,12.479983974348684
339,2016,CATHOLIC,SACRED HEART COLLEGE GEELONG,NEWTOWN,66,31,0,413,176,50,92,100,11,99.0,97.0,33.0,13.5,338.5,12.479983974348684
340,2016,CATHOLIC,ST JOSEPH'S COLLEGE NEWTOWN,NEWTOWN,61,26,0,392,240,48,75,99,9,98.0,99.0,31.0,9.4,338.5,12.479983974348684
341,2016,INDEPENDENT,THE GEELONG COLLEGE,NEWTOWN,43,8,0,263,32,0,93,100,16,95.0,0.0,34.0,17.8,338.5,12.479983974348684
342,2017,CATHOLIC,SALESIAN COLLEGE SUNBURY,SUNBURY,49,29,0,205,131,61,89,99,3,80.0,79.0,29.0,2.3,338.5,7.54983443527075
343,2017,GOVERNMENT,SUNBURY COLLEGE,SUNBURY,40,24,0,200,173,25,74,97,2,90.0,88.0,27.0,2.0,338.5,7.54983443527075
344,2016,CATHOLIC,SALESIAN COLLEGE SUNBURY,SUNBURY,56,31,0,242,127,69,95,99,1,86.0,82.0,29.0,3.8,338.5,7.54983443527075
345,2016,GOVERNMENT,SUNBURY COLLEGE,SUNBURY,32,16,0,189,213,0,65,99,2,82.0,0.0,27.0,3.2,338.5,7.54983443527075
346,2016,GOVERNMENT,SUNBURY DOWNS SECONDARY COLLEGE,SUNBURY,31,13,0,122,104,66,80,100,1,84.0,96.0,30.0,1.7,338.5,7.54983443527075
347,2017,INDEPENDENT,SCOTCH COLLEGE,HAWTHORN,46,5,0,439,8,0,97,100,82,71.0,0.0,36.0,26.8,377.0,5.744562646538029
348,2017,GOVERNMENT,SWINBURNE SENIOR SECONDARY COLLEGE,HAWTHORN,55,25,0,262,85,36,79,91,1,78.0,99.0,28.0,0.8,377.0,5.744562646538029
349,2016,INDEPENDENT,SCOTCH COLLEGE,HAWTHORN,49,8,0,453,10,0,96,100,83,100.0,0.0,35.0,23.9,377.0,5.744562646538029
350,2017,GOVERNMENT,SEYMOUR COLLEGE,SEYMOUR,30,22,0,85,122,25,72,88,1,96.0,87.0,25.0,2.6,254.375,5.829611908180509
351,2016,GOVERNMENT,SEYMOUR COLLEGE,SEYMOUR,41,26,0,109,110,25,85,90,1,90.0,76.0,27.0,1.5,254.375,5.829611908180509
352,2017,INDEPENDENT,SHELFORD GIRLS' GRAMMAR,CAULFIELD,42,12,0,137,22,0,97,100,19,100.0,0.0,36.0,25.4,427.875,14.88655013762423
353,2016,INDEPENDENT,SHELFORD GIRLS' GRAMMAR,CAULFIELD,36,10,0,129,15,0,100,100,12,95.0,0.0,37.0,30.7,427.875,14.88655013762423
354,2017,CATHOLIC,SIENA COLLEGE,CAMBERWELL,41,9,0,164,14,0,100,100,5,98.0,0.0,34.0,14.3,450.625,11.575161985907584
355,2016,CATHOLIC,SIENA COLLEGE,CAMBERWELL,38,9,0,165,11,0,98,100,13,100.0,0.0,34.0,16.0,450.625,11.575161985907584
356,2017,GOVERNMENT,ST ALBANS SECONDARY COLLEGE,ST ALBANS,48,25,0,257,228,92,90,95,18,84.0,91.0,30.0,8.4,327.5,8.2915619758885
357,2017,GOVERNMENT,VICTORIA UNIVERSITY SECONDARY COLLEGE - BRIMBANK CAMPUS,ST ALBANS,44,22,0,179,132,97,84,91,1,95.0,86.0,27.0,2.6,327.5,8.2915619758885
358,2016,GOVERNMENT,VICTORIA UNIVERSITY SECONDARY COLLEGE - BRIMBANK CAMPUS,ST ALBANS,50,19,0,183,143,85,84,93,0,90.0,85.0,27.0,0.8,327.5,8.2915619758885
359,2017,CATHOLIC,ST JOSEPH'S COLLEGE ECHUCA,ECHUCA,41,22,0,261,224,22,74,96,1,93.0,95.0,28.0,1.8,292.25,8.089344843681719
360,2016,GOVERNMENT,ECHUCA COLLEGE,ECHUCA,38,15,0,139,190,25,55,99,1,90.0,91.0,25.0,1.7,292.25,8.089344843681719
361,2016,CATHOLIC,ST JOSEPH'S COLLEGE ECHUCA,ECHUCA,43,22,0,233,237,18,69,99,4,91.0,90.0,28.0,3.0,292.25,8.089344843681719
362,2017,CATHOLIC,ST JOSEPH'S COLLEGE FERNTREE GULLY,FERNTREE GULLY,51,29,0,270,343,66,87,99,1,89.0,98.0,30.0,6.4,378.125,9.333240326917549
363,2016,CATHOLIC,ST JOSEPH'S COLLEGE FERNTREE GULLY,FERNTREE GULLY,48,30,0,267,321,50,89,98,0,82.0,99.0,30.0,4.3,378.125,9.333240326917549
364,2017,CATHOLIC,ST MARY MACKILLOP COLLEGE,SWAN HILL,33,15,0,113,143,32,94,100,0,96.0,91.0,29.0,4.6,240.625,4.635124054434789
365,2017,GOVERNMENT,SWAN HILL COLLEGE,SWAN HILL,33,24,0,199,264,115,76,99,0,90.0,75.0,25.0,3.0,240.625,4.635124054434789
366,2016,CATHOLIC,ST MARY MACKILLOP COLLEGE,SWAN HILL,33,16,0,125,137,35,83,98,0,94.0,95.0,31.0,7.3,240.625,4.635124054434789
367,2016,GOVERNMENT,SWAN HILL COLLEGE,SWAN HILL,40,26,0,216,285,89,86,95,2,92.0,85.0,27.0,1.4,240.625,4.635124054434789
368,2017,INDEPENDENT,ST MICHAEL'S GRAMMAR SCHOOL,ST KILDA,40,9,0,189,16,0,91,100,17,93.0,0.0,33.0,15.3,401.875,7.473912964438374
369,2016,INDEPENDENT,ST MICHAEL'S GRAMMAR SCHOOL,ST KILDA,39,5,0,205,12,0,90,100,17,90.0,0.0,34.0,16.0,401.875,7.473912964438374
370,2017,GOVERNMENT,THOMASTOWN SECONDARY COLLEGE,THOMASTOWN,32,15,0,87,30,0,74,95,0,91.0,0.0,23.0,1.9,335.625,7.680128579652817
371,2016,GOVERNMENT,THOMASTOWN SECONDARY COLLEGE,THOMASTOWN,39,19,0,101,34,0,83,96,1,100.0,0.0,23.0,0.6,335.625,7.680128579652817
372,2017,GOVERNMENT,VERMONT SECONDARY COLLEGE,VERMONT,49,20,0,277,35,0,96,100,17,99.0,0.0,31.0,8.3,425.625,10.43955818030629
373,2016,GOVERNMENT,VERMONT SECONDARY COLLEGE,VERMONT,61,24,0,303,44,0,96,100,15,94.0,0.0,30.0,6.1,425.625,10.43955818030629
374,2017,GOVERNMENT,VICTORIAN COLLEGE OF THE ARTS SECONDARY SCHOOL,SOUTHBANK,24,1,0,195,26,0,68,94,2,97.0,0.0,35.0,23.3,536.875,4.284784125250653
375,2016,GOVERNMENT,VICTORIAN COLLEGE OF THE ARTS SECONDARY SCHOOL,SOUTHBANK,29,3,0,166,47,0,71,98,1,99.0,0.0,34.0,22.7,536.875,4.284784125250653
376,2017,GOVERNMENT,WANTIRNA COLLEGE,WANTIRNA,55,27,0,223,83,40,83,97,4,87.0,91.0,28.0,4.6,410.0,11.180339887498949
377,2016,GOVERNMENT,WANTIRNA COLLEGE,WANTIRNA,54,24,0,232,68,32,85,99,6,85.0,89.0,29.0,5.4,410.0,11.180339887498949
378,2017,GOVERNMENT,WESTERN PORT SECONDARY COLLEGE,HASTINGS,37,21,0,91,74,43,68,96,0,85.0,66.0,25.0,0.5,346.25,9.921567416492215
379,2016,GOVERNMENT,WESTERN PORT SECONDARY COLLEGE,HASTINGS,40,26,0,94,68,41,59,100,1,90.0,70.0,26.0,1.3,346.25,9.921567416492215
380,2017,GOVERNMENT,WHITTLESEA SECONDARY COLLEGE,WHITTLESEA,35,26,0,137,213,68,71,93,0,74.0,81.0,27.0,2.3,350.0,7.0710678118654755
381,2016,GOVERNMENT,WHITTLESEA SECONDARY COLLEGE,WHITTLESEA,52,29,0,136,166,59,75,95,0,84.0,88.0,25.0,0.8,350.0,7.0710678118654755
382,2016,GOVERNMENT,BENALLA P-12 COLLEGE,BENALLA,39,32,0,101,114,27,68,88,0,78.0,87.0,24.0,0.8,236.875,6.584783595532961
383,2016,CATHOLIC,F.C.J. COLLEGE,BENALLA,26,13,0,68,56,11,58,97,0,91.0,90.0,29.0,4.0,236.875,6.584783595532961
384,2016,GOVERNMENT,BORONIA K-12 COLLEGE,BORONIA,23,19,0,39,45,43,50,100,0,79.0,77.0,26.0,0.0,358.75,7.806247497997997
385,2016,CATHOLIC,CATHOLIC REGIONAL COLLEGE SYDENHAM,SYDENHAM,72,44,0,636,671,157,89,99,4,88.0,85.0,30.0,4.3,373.75,8.926785535678562
386,2016,CATHOLIC,DE LA SALLE COLLEGE,MALVERN,43,17,0,226,118,20,92,99,9,91.0,100.0,29.0,5.3,459.75,4.380353866983808
387,2016,GOVERNMENT,DROMANA SECONDARY COLLEGE,DROMANA,45,32,0,254,303,223,75,100,5,91.0,97.0,31.0,4.8,349.375,11.842059575935261
388,2016,GOVERNMENT,GLADSTONE PARK SECONDARY COLLEGE,GLADSTONE PARK,46,21,0,320,80,69,95,99,9,90.0,98.0,29.0,5.0,352.125,9.829006816560868
389,2016,INDEPENDENT,MOUNT SCOPUS MEMORIAL COLLEGE,BURWOOD,43,16,0,223,181,0,99,100,12,92.0,0.0,37.0,35.4,433.875,9.171116344262568
390,2016,INDEPENDENT,PRESBYTERIAN LADIES' COLLEGE,BURWOOD,35,2,1,268,4,0,100,100,51,100.0,0.0,35.0,22.4,433.875,9.171116344262568
391,2016,CATHOLIC,SALESIAN COLLEGE,CHADSTONE,43,17,0,167,54,24,87,100,7,97.0,100.0,31.0,9.1,422.875,9.23901374606619
392,2016,INDEPENDENT,ST JOHN'S GREEK ORTHODOX COLLEGE,PRESTON,17,2,0,22,0,0,80,93,1,0.0,0.0,32.0,5.9,389.375,8.076779989575053
393,2016,GOVERNMENT,SUNSHINE COLLEGE,SUNSHINE,36,17,0,173,211,212,94,97,2,91.0,92.0,28.0,2.0,325.625,9.164298936634488
394,2016,GOVERNMENT,SURF COAST SECONDARY COLLEGE,TORQUAY,51,28,0,99,133,19,61,90,0,91.0,86.0,25.0,1.7,452.5,10.897247358851684
395,2016,GOVERNMENT,WILLIAMSTOWN HIGH SCHOOL,WILLIAMSTOWN,62,21,0,374,84,33,77,99,9,90.0,92.0,31.0,10.5,482.5,7.905694150420948
