,Year,Sector,School,Locality,Number of Unit 3/4 VCE Stubjects Offered, Number of VET Subjects Offered,IB Offered,Number of VCE Enrollments,Number of VET Enrollments,Number of VCAL Enrollments,Percentage of VCE students applying for tertiary places,VCE Percentage of Sastisfactory Completion,Number of students awarded the VCE (Baccalaureate),VET Percentage of Sastisfactory Completion,VCAL Percentage of Sastisfactory Completion,Median VCE study score,Percentage of study scores of 40 and over
0,2017,CATHOLIC,ACADEMY OF MARY IMMACULATE,FITZROY,41,6,0,149,17,0,93,96,9,99.0,0.0,31.0,12.4
3,2017,INDEPENDENT,AITKEN COLLEGE,GREENVALE,52,23,0,165,135,22,94,100,6,91.0,100.0,29.0,6.1
4,2017,INDEPENDENT,AL SIRAAT COLLEGE,EPPING,12,2,0,34,48,0,100,100,0,99.0,0.0,25.0,2.2
5,2017,INDEPENDENT,AL-TAQWA COLLEGE,TRUGANINA,27,11,0,177,46,38,92,100,2,93.0,94.0,27.0,3.0
6,2017,GOVERNMENT,ALBERT PARK COLLEGE,ALBERT PARK,50,19,1,248,39,0,91,99,10,84.0,0.0,32.0,12.5
8,2017,GOVERNMENT,ALEXANDRA SECONDARY COLLEGE,ALEXANDRA,22,6,0,48,74,21,75,100,0,91.0,68.0,24.0,2.4
9,2017,INDEPENDENT,ALIA COLLEGE,HAWTHORN EAST,29,3,0,31,4,0,68,100,0,59.0,0.0,24.0,0.0
10,2017,INDEPENDENT,ALICE MILLER SCHOOL,MACEDON,18,2,0,22,0,0,71,100,0,0.0,0.0,29.0,4.3
11,2017,GOVERNMENT,ALKIRA SECONDARY COLLEGE,CRANBOURNE NORTH,57,38,0,215,153,78,65,92,2,86.0,82.0,27.0,2.7
12,2017,INDEPENDENT,ALPHINGTON GRAMMAR SCHOOL,ALPHINGTON,21,0,0,94,0,0,95,99,7,0.0,0.0,32.0,13.1
13,2017,CATHOLIC,ANTONINE COLLEGE,PASCOE VALE SOUTH,26,11,0,69,31,0,83,98,0,94.0,0.0,26.0,3.5
14,2017,GOVERNMENT,APOLLO BAY P-12 COLLEGE,APOLLO BAY,19,8,0,28,26,0,90,100,0,96.0,0.0,32.0,15.7
15,2017,CATHOLIC,AQUINAS COLLEGE,RINGWOOD,57,31,0,354,146,53,83,100,7,99.0,99.0,30.0,6.5
16,2017,GOVERNMENT,ARARAT SECONDARY COLLEGE,ARARAT,28,19,0,52,57,35,56,100,0,58.0,55.0,26.0,0.7
17,2017,GOVERNMENT,ASHWOOD HIGH SCHOOL,ASHWOOD,37,19,0,68,26,23,95,98,2,63.0,57.0,29.0,5.0
18,2017,CATHOLIC,ASSUMPTION COLLEGE,KILMORE,76,50,0,340,346,34,82,100,3,90.0,78.0,28.0,2.2
19,2017,GOVERNMENT,AUBURN HIGH SCHOOL,HAWTHORN EAST,26,2,0,76,0,0,87,93,10,0.0,0.0,27.0,2.4
20,2017,INDEPENDENT,AUSTRALIAN INTERNATIONAL ACADEMY OF EDUCATION,COBURG,18,0,1,27,0,0,98,100,1,0.0,0.0,30.0,5.3
21,2017,CATHOLIC,AVE MARIA COLLEGE,ABERFELDIE,38,9,0,265,143,0,96,99,7,86.0,0.0,31.0,8.4
22,2017,CATHOLIC,AVILA COLLEGE,MOUNT WAVERLEY,47,12,0,261,33,22,98,99,30,100.0,94.0,32.0,8.8
23,2017,GOVERNMENT,BACCHUS MARSH COLLEGE,BACCHUS MARSH,55,36,0,148,149,77,70,94,0,62.0,70.0,24.0,0.0
24,2017,INDEPENDENT,BACCHUS MARSH GRAMMAR,BACCHUS MARSH,45,13,0,217,50,12,97,100,7,93.0,100.0,31.0,10.0
25,2017,GOVERNMENT,BAIMBRIDGE COLLEGE HAMILTON,HAMILTON,25,17,0,86,100,28,50,89,0,90.0,78.0,26.0,0.6
26,2017,GOVERNMENT,BAIRNSDALE SECONDARY COLLEGE,BAIRNSDALE,55,22,0,200,129,86,51,96,0,50.0,69.0,24.0,0.8
27,2017,INDEPENDENT,BALCOMBE GRAMMAR SCHOOL,MOUNT MARTHA,30,8,0,114,11,0,85,100,4,100.0,0.0,31.0,5.5
28,2017,INDEPENDENT,BALLARAT CHRISTIAN COLLEGE,SEBASTOPOL,19,13,0,56,74,10,76,100,0,67.0,88.0,29.0,4.9
29,2017,INDEPENDENT,BALLARAT CLARENDON COLLEGE,BALLARAT,42,11,0,204,43,0,99,100,3,99.0,0.0,37.0,33.6
30,2017,INDEPENDENT,BALLARAT GRAMMAR,WENDOUREE,58,27,0,306,90,22,82,100,11,94.0,86.0,32.0,11.2
31,2017,GOVERNMENT,BALLARAT HIGH SCHOOL,BALLARAT,54,34,0,318,277,68,57,97,3,82.0,81.0,28.0,3.9
33,2017,GOVERNMENT,BALLARAT SECONDARY COLLEGE - WOODMANS HILL CAMPUS,BALLARAT EAST,34,15,0,55,20,43,54,94,0,97.0,77.0,28.0,0.0
35,2017,GOVERNMENT,BALWYN HIGH SCHOOL,BALWYN NORTH,47,2,0,618,6,0,92,99,75,100.0,0.0,34.0,21.2
36,2017,INDEPENDENT,BAYSIDE CHRISTIAN COLLEGE,LANGWARRIN SOUTH,36,20,0,72,46,42,90,100,0,96.0,98.0,30.0,3.1
37,2017,GOVERNMENT,BAYSIDE P-12 COLLEGE - PAISLEY CAMPUS,NEWPORT,48,21,0,141,124,43,69,91,4,83.0,85.0,28.0,2.7
38,2017,GOVERNMENT,BAYSWATER SECONDARY COLLEGE,BAYSWATER,22,14,0,35,22,18,66,100,0,77.0,70.0,22.0,0.0
39,2017,INDEPENDENT,BAYVIEW COLLEGE,PORTLAND,21,7,0,55,10,6,69,100,0,91.0,90.0,29.0,3.7
40,2017,INDEPENDENT,BEACONHILLS COLLEGE - BERWICK,BERWICK,41,6,0,228,7,0,85,99,7,100.0,0.0,31.0,7.4
41,2017,INDEPENDENT,BEACONHILLS COLLEGE - PAKENHAM,PAKENHAM,35,0,0,173,0,0,92,100,8,0.0,0.0,31.0,5.8
42,2017,GOVERNMENT,BEAUFORT SECONDARY COLLEGE,BEAUFORT,23,10,0,35,25,18,50,83,0,67.0,81.0,27.0,3.9
43,2017,GOVERNMENT,BEECHWORTH SECONDARY COLLEGE,BEECHWORTH,25,10,0,49,49,12,86,91,3,72.0,69.0,28.0,0.9
44,2017,INDEPENDENT,BELGRAVE HEIGHTS CHRISTIAN SCHOOL,BELGRAVE HEIGHTS,27,6,0,110,35,0,74,100,2,91.0,0.0,30.0,7.2
45,2017,GOVERNMENT,BELLARINE SECONDARY COLLEGE,DRYSDALE,60,39,0,203,429,106,56,94,1,77.0,78.0,27.0,2.2
46,2017,GOVERNMENT,BELMONT HIGH SCHOOL,BELMONT,78,35,0,329,269,57,70,98,4,88.0,80.0,28.0,6.0
48,2017,GOVERNMENT,BENDIGO SENIOR SECONDARY COLLEGE,BENDIGO,82,42,0,1175,601,267,59,95,6,84.0,76.0,27.0,1.8
50,2017,GOVERNMENT,BENTLEIGH SECONDARY COLLEGE,BENTLEIGH EAST,37,6,0,246,9,0,79,100,4,95.0,0.0,29.0,3.6
52,2017,INDEPENDENT,BERWICK GRAMMAR SCHOOL,OFFICER,24,4,0,61,5,0,86,97,4,100.0,0.0,31.0,9.1
53,2017,GOVERNMENT,BERWICK SECONDARY COLLEGE,BERWICK,57,30,0,341,219,89,77,98,4,100.0,81.0,29.0,5.6
54,2017,INDEPENDENT,BETH RIVKAH LADIES COLLEGE,ST KILDA EAST,23,6,0,77,46,0,82,100,3,95.0,0.0,35.0,15.1
55,2017,INDEPENDENT,BIALIK COLLEGE,HAWTHORN EAST,40,12,0,156,72,0,100,100,4,97.0,0.0,37.0,35.5
56,2017,INDEPENDENT,BILLANOOK COLLEGE,MOOROOLBARK,44,13,0,188,51,0,92,100,11,98.0,0.0,31.0,8.8
57,2017,GOVERNMENT,BIRCHIP P-12 SCHOOL,BIRCHIP,21,10,0,31,30,8,81,100,0,96.0,91.0,29.0,4.2
58,2017,GOVERNMENT,BLACKBURN HIGH SCHOOL,BLACKBURN,50,16,0,283,24,0,71,97,12,93.0,0.0,30.0,6.8
59,2017,GOVERNMENT,BOORT DISTRICT P-12 SCHOOL,BOORT,17,3,0,23,4,4,78,100,1,76.0,57.0,30.0,5.1
61,2017,GOVERNMENT,BOX HILL HIGH SCHOOL,BOX HILL,68,27,0,391,71,0,89,98,34,93.0,0.0,33.0,15.0
63,2017,GOVERNMENT,BOX HILL SENIOR SECONDARY COLLEGE,MONT ALBERT NORTH,35,16,0,229,132,16,64,100,3,81.0,93.0,25.0,1.5
64,2017,INDEPENDENT,BRAEMAR COLLEGE,WOODEND,38,8,0,158,60,0,96,100,7,95.0,0.0,33.0,11.5
65,2017,GOVERNMENT,BRAUER COLLEGE,WARRNAMBOOL,34,19,0,157,90,40,62,96,1,90.0,78.0,28.0,6.0
66,2017,GOVERNMENT,BRAYBROOK COLLEGE,BRAYBROOK,46,23,0,283,289,99,96,99,9,82.0,93.0,30.0,6.4
67,2017,GOVERNMENT,BRENTWOOD SECONDARY COLLEGE,GLEN WAVERLEY,48,12,0,412,33,0,96,100,33,57.0,0.0,31.0,5.9
68,2017,GOVERNMENT,BRIGHT P-12 COLLEGE,BRIGHT,33,13,0,50,49,21,66,100,0,78.0,79.0,27.0,2.7
69,2017,INDEPENDENT,BRIGHTON GRAMMAR SCHOOL,BRIGHTON,36,8,0,218,12,0,95,100,30,92.0,0.0,34.0,20.8
70,2017,GOVERNMENT,BRIGHTON SECONDARY COLLEGE,BRIGHTON EAST,56,19,0,336,67,0,76,96,11,90.0,0.0,30.0,6.2
71,2017,GOVERNMENT,BROADFORD SECONDARY COLLEGE,BROADFORD,36,16,0,123,85,46,43,94,0,82.0,62.0,25.0,2.0
72,2017,GOVERNMENT,BRUNSWICK SECONDARY COLLEGE,BRUNSWICK,56,22,0,192,85,35,85,99,0,82.0,88.0,30.0,6.8
73,2017,GOVERNMENT,BUCKLEY PARK COLLEGE,ESSENDON,49,21,0,237,44,36,90,98,16,91.0,93.0,31.0,8.9
74,2017,GOVERNMENT,BUNDOORA SECONDARY COLLEGE,BUNDOORA,30,18,0,73,73,32,74,92,1,78.0,66.0,22.0,1.1
75,2017,INDEPENDENT,CAMBERWELL ANGLICAN GIRLS GRAMMAR SCHOOL,CANTERBURY,34,1,0,164,0,0,100,100,36,0.0,0.0,36.0,27.4
78,2017,GOVERNMENT,CAMPERDOWN COLLEGE,CAMPERDOWN,14,7,0,21,18,11,92,100,0,67.0,81.0,30.0,1.5
80,2017,GOVERNMENT,CANTERBURY GIRLS SECONDARY COLLEGE,CANTERBURY,55,13,0,257,22,0,94,100,26,95.0,0.0,32.0,13.1
81,2017,INDEPENDENT,CAREY BAPTIST GRAMMAR SCHOOL,KEW,41,6,1,225,6,0,92,100,29,94.0,0.0,33.0,10.5
82,2017,CATHOLIC,CAROLINE CHISHOLM CATHOLIC COLLEGE,BRAYBROOK,54,23,0,329,185,53,88,99,7,74.0,92.0,30.0,5.1
83,2017,GOVERNMENT,CARRUM DOWNS SECONDARY COLLEGE,CARRUM DOWNS,47,35,0,176,110,69,70,95,0,92.0,88.0,25.0,1.4
84,2017,GOVERNMENT,CARWATHA COLLEGE P-12,NOBLE PARK NORTH,34,16,0,126,33,27,78,100,3,80.0,91.0,25.0,1.0
85,2017,INDEPENDENT,CASEY GRAMMAR SCHOOL,CRANBOURNE,27,6,0,93,7,0,89,100,1,100.0,0.0,27.0,2.6
86,2017,GOVERNMENT,CASTERTON SECONDARY COLLEGE,CASTERTON,22,10,0,25,16,15,77,100,0,98.0,96.0,34.0,11.1
87,2017,GOVERNMENT,CASTLEMAINE SECONDARY COLLEGE,CASTLEMAINE,42,13,0,162,114,31,58,100,4,68.0,81.0,26.0,2.1
88,2017,INDEPENDENT,CATHEDRAL COLLEGE,WANGARATTA,32,5,0,53,6,0,64,97,3,81.0,0.0,29.0,5.6
89,2017,CATHOLIC,CATHOLIC COLLEGE BENDIGO,BENDIGO,51,19,0,454,160,60,88,100,10,90.0,97.0,29.0,4.3
90,2017,CATHOLIC,CATHOLIC COLLEGE SALE,SALE,36,14,0,239,122,42,76,100,1,95.0,100.0,30.0,8.6
91,2017,CATHOLIC,CATHOLIC COLLEGE WODONGA,WODONGA,41,13,0,257,185,45,65,98,5,97.0,83.0,29.0,3.7
92,2017,CATHOLIC,CATHOLIC LADIES COLLEGE,ELTHAM,34,14,0,206,81,19,99,100,6,99.0,95.0,31.0,5.5
94,2017,CATHOLIC,CATHOLIC REGIONAL COLLEGE MELTON,MELTON WEST,45,31,0,215,172,43,77,99,1,95.0,95.0,28.0,1.8
97,2017,INDEPENDENT,CAULFIELD GRAMMAR SCHOOL - CAULFIELD CAMPUS,ST KILDA EAST,49,10,0,405,300,0,98,100,30,98.0,0.0,35.0,25.7
104,2017,GOVERNMENT,CHELTENHAM SECONDARY COLLEGE,CHELTENHAM,54,30,0,226,117,41,94,99,5,86.0,78.0,29.0,6.2
107,2017,CATHOLIC,CHRISTIAN BROTHERS' COLLEGE ST KILDA,ST KILDA EAST,42,21,0,87,48,29,89,98,2,89.0,96.0,30.0,5.1
108,2017,INDEPENDENT,CHRISTIAN COLLEGE INSTITUTE OF SENIOR EDUCATION,WAURN PONDS,54,23,0,264,61,30,87,100,6,92.0,94.0,31.0,9.0
110,2017,CATHOLIC,CLONARD COLLEGE,HERNE HILL,58,25,0,191,69,39,78,100,9,88.0,95.0,30.0,4.9
111,2017,GOVERNMENT,COBDEN TECHNICAL SCHOOL,COBDEN,29,16,0,68,35,34,74,89,0,78.0,84.0,22.0,0.0
112,2017,INDEPENDENT,COBRAM ANGLICAN GRAMMAR SCHOOL,COBRAM,13,2,0,22,0,0,80,100,0,0.0,0.0,26.0,3.1
113,2017,GOVERNMENT,COBRAM SECONDARY COLLEGE,COBRAM,39,19,0,87,32,14,69,98,1,84.0,74.0,27.0,2.4
115,2017,GOVERNMENT,COHUNA SECONDARY COLLEGE,COHUNA,24,11,0,65,22,9,79,97,0,94.0,100.0,27.0,4.3
116,2017,GOVERNMENT,COLAC SECONDARY COLLEGE,COLAC,35,18,0,79,56,19,51,98,1,82.0,70.0,23.0,0.0
117,2017,GOVERNMENT,COLLINGWOOD COLLEGE,COLLINGWOOD,36,21,0,73,57,31,79,96,0,65.0,57.0,26.0,3.2
118,2017,GOVERNMENT,COPPERFIELD COLLEGE,DELAHEY,72,31,0,363,373,179,93,97,6,87.0,91.0,29.0,2.1
119,2017,INDEPENDENT,CORNISH COLLEGE,BANGHOLME,45,17,0,78,29,0,82,100,1,100.0,0.0,29.0,4.7
120,2017,GOVERNMENT,CORRYONG COLLEGE,CORRYONG,23,7,0,38,42,13,65,100,0,84.0,92.0,29.0,2.2
121,2017,INDEPENDENT,COVENANT COLLEGE,BELL POST HILL,32,11,0,76,23,14,73,100,1,94.0,83.0,31.0,7.5
123,2017,GOVERNMENT,CRANBOURNE EAST SECONDARY COLLEGE,CRANBOURNE EAST,57,40,0,194,130,127,76,93,0,97.0,80.0,28.0,2.9
124,2017,GOVERNMENT,CRANBOURNE SECONDARY COLLEGE,CRANBOURNE,49,37,0,171,230,125,79,99,4,85.0,85.0,28.0,3.4
126,2017,CATHOLIC,DAMASCUS COLLEGE,MOUNT CLEAR,49,28,0,184,94,32,73,100,6,92.0,92.0,28.0,5.7
127,2017,GOVERNMENT,DANDENONG HIGH SCHOOL,DANDENONG,69,30,0,437,258,93,79,94,7,71.0,59.0,24.0,0.5
129,2017,GOVERNMENT,DAYLESFORD SECONDARY COLLEGE,DAYLESFORD,28,12,0,75,60,17,73,98,2,91.0,63.0,26.0,0.5
132,2017,GOVERNMENT,DIAMOND VALLEY COLLEGE,DIAMOND CREEK,43,23,0,173,155,39,68,95,1,91.0,100.0,27.0,1.6
135,2017,GOVERNMENT,DISTANCE EDUCATION CENTRE VICTORIA,THORNBURY,80,34,0,404,69,0,41,89,3,70.0,0.0,28.0,3.9
138,2017,GOVERNMENT,DONALD HIGH SCHOOL,DONALD,23,13,0,34,27,39,78,100,0,68.0,93.0,28.0,2.6
139,2017,GOVERNMENT,DONCASTER SECONDARY COLLEGE,DONCASTER,45,23,0,328,32,27,91,98,19,98.0,94.0,29.0,5.1
140,2017,INDEPENDENT,DONVALE CHRISTIAN COLLEGE,DONVALE,42,14,0,195,24,0,90,100,6,82.0,0.0,33.0,10.7
142,2017,GOVERNMENT,DROUIN SECONDARY COLLEGE,DROUIN,48,25,0,181,142,79,83,100,0,99.0,94.0,27.0,2.2
143,2017,GOVERNMENT,EAST DONCASTER SECONDARY COLLEGE,DONCASTER EAST,59,30,0,370,60,18,94,99,40,98.0,100.0,32.0,11.6
144,2017,GOVERNMENT,EAST LODDON P-12 COLLEGE,DINGEE,21,9,0,29,15,12,84,100,0,74.0,90.0,30.0,1.4
145,2017,INDEPENDENT,EAST PRESTON ISLAMIC COLLEGE,EAST PRESTON,13,10,0,33,61,21,100,100,0,99.0,95.0,24.0,0.0
147,2017,GOVERNMENT,EDENHOPE COLLEGE,EDENHOPE,19,15,0,22,27,18,77,100,0,83.0,66.0,29.0,0.0
148,2017,INDEPENDENT,EDINBURGH COLLEGE,LILYDALE,19,12,0,30,28,0,61,100,0,85.0,0.0,31.0,6.5
150,2017,GOVERNMENT,ELISABETH MURDOCH COLLEGE,LANGWARRIN,66,51,0,318,360,172,67,98,0,88.0,86.0,27.0,3.2
151,2017,INDEPENDENT,ELTHAM COLLEGE,RESEARCH,44,17,0,160,84,0,96,100,4,99.0,0.0,32.0,14.0
152,2017,GOVERNMENT,ELTHAM HIGH SCHOOL,ELTHAM,55,25,0,270,108,20,74,98,13,88.0,100.0,29.0,5.2
153,2017,GOVERNMENT,ELWOOD COLLEGE,ELWOOD,36,11,0,121,20,0,57,94,5,83.0,0.0,30.0,7.3
154,2017,GOVERNMENT,EMERALD SECONDARY COLLEGE,EMERALD,49,33,0,140,102,64,85,96,3,82.0,89.0,28.0,3.1
155,2017,CATHOLIC,EMMANUEL COLLEGE,ALTONA NORTH,45,22,0,364,198,46,84,100,10,88.0,99.0,29.0,3.7
156,2017,CATHOLIC,EMMANUEL COLLEGE,WARRNAMBOOL,42,24,0,271,107,22,69,98,3,100.0,78.0,27.0,3.7
157,2017,CATHOLIC,EMMAUS COLLEGE,VERMONT SOUTH,54,23,0,289,47,14,85,100,4,98.0,100.0,30.0,6.1
158,2017,GOVERNMENT,EPPING SECONDARY COLLEGE,EPPING,49,33,0,186,105,107,87,93,2,79.0,88.0,28.0,3.7
159,2017,GOVERNMENT,ESSENDON KEILOR COLLEGE,ESSENDON,38,12,0,195,62,21,96,97,10,89.0,97.0,25.0,1.7
162,2017,GOVERNMENT,FAIRHILLS HIGH SCHOOL,KNOXFIELD,58,37,0,174,188,51,69,93,1,81.0,69.0,27.0,2.3
165,2017,INDEPENDENT,FINTONA GIRLS SCHOOL,BALWYN,27,0,0,91,0,0,96,100,19,0.0,0.0,35.0,22.0
166,2017,INDEPENDENT,FIRBANK GRAMMAR SCHOOL,BRIGHTON,40,5,0,236,7,0,98,99,33,88.0,0.0,35.0,24.9
167,2017,GOVERNMENT,FITZROY HIGH SCHOOL,FITZROY NORTH,51,26,0,113,73,29,95,100,1,77.0,71.0,30.0,4.7
168,2017,INDEPENDENT,FLINDERS CHRISTIAN COMMUNITY COLLEGE,TYABB,39,17,0,142,51,15,78,100,2,100.0,97.0,29.0,5.0
169,2017,INDEPENDENT,FLINDERS CHRISTIAN COMMUNITY COLLEGE - CARRUM DOWNS CAMPUS,CARRUM DOWNS,49,26,0,139,42,16,85,100,1,94.0,87.0,32.0,6.9
170,2017,INDEPENDENT,FLINDERS CHRISTIAN COMMUNITY COLLEGE - LATROBE CITY CAMP,TRARALGON,18,4,0,23,7,7,93,100,0,87.0,100.0,30.0,1.3
171,2017,GOVERNMENT,FOOTSCRAY CITY COLLEGE,FOOTSCRAY,47,8,0,168,65,35,80,99,3,64.0,89.0,29.0,4.7
172,2017,GOVERNMENT,FOREST HILL COLLEGE,BURWOOD EAST,35,10,0,148,37,0,93,99,2,91.0,0.0,25.0,1.9
174,2017,GOVERNMENT,FOUNTAIN GATE SECONDARY COLLEGE,FOUNTAIN GATE,50,20,0,159,120,0,76,99,0,89.0,0.0,28.0,1.5
175,2017,GOVERNMENT,FRANKSTON HIGH SCHOOL - VCE CAMPUS,FRANKSTON,69,26,0,498,152,0,76,100,16,88.0,0.0,31.0,9.3
176,2017,CATHOLIC,GALEN COLLEGE,WANGARATTA,48,30,0,253,216,76,87,100,1,87.0,94.0,30.0,4.2
177,2017,INDEPENDENT,GEELONG BAPTIST COLLEGE,LOVELY BANKS,25,12,0,30,23,8,84,100,0,96.0,100.0,26.0,4.0
178,2017,INDEPENDENT,GEELONG GRAMMAR SCHOOL,CORIO,36,4,1,219,7,0,79,99,2,98.0,0.0,31.0,8.2
179,2017,GOVERNMENT,GEELONG HIGH SCHOOL,EAST GEELONG,53,31,0,188,76,13,47,97,1,95.0,94.0,25.0,1.3
180,2017,INDEPENDENT,GEELONG LUTHERAN COLLEGE,ARMSTRONG CREEK,35,19,0,62,35,7,90,100,2,99.0,100.0,29.0,4.8
181,2017,CATHOLIC,GENAZZANO F.C.J. COLLEGE,KEW,41,6,0,286,8,0,98,100,41,91.0,0.0,35.0,22.0
182,2017,GOVERNMENT,GILMORE COLLEGE FOR GIRLS,FOOTSCRAY,23,1,0,49,0,0,100,100,2,0.0,0.0,29.0,7.4
183,2017,INDEPENDENT,GILSON COLLEGE,TAYLORS HILL,32,6,0,106,91,0,84,100,2,98.0,0.0,27.0,3.2
184,2017,INDEPENDENT,GIPPSLAND GRAMMAR - SENIOR,SALE,40,15,0,173,44,13,91,100,8,98.0,95.0,32.0,11.3
185,2017,INDEPENDENT,GIRTON GRAMMAR SCHOOL,BENDIGO,43,5,0,241,19,0,99,100,9,97.0,0.0,34.0,16.6
186,2017,GOVERNMENT,GISBORNE SECONDARY COLLEGE,GISBORNE,58,26,0,249,119,32,74,98,5,78.0,85.0,26.0,2.0
188,2017,GOVERNMENT,GLEN EIRA COLLEGE,CAULFIELD EAST,45,19,0,136,40,0,95,99,9,94.0,0.0,29.0,5.1
189,2017,GOVERNMENT,GLEN WAVERLEY SECONDARY COLLEGE,GLEN WAVERLEY,65,20,0,649,95,0,93,100,104,96.0,0.0,33.0,15.9
200,2017,INDEPENDENT,GOULBURN VALLEY GRAMMAR SCHOOL,SHEPPARTON,28,2,0,147,0,0,96,100,9,0.0,0.0,34.0,17.2
201,2017,GOVERNMENT,GREENSBOROUGH SECONDARY COLLEGE,GREENSBOROUGH,40,24,0,148,146,79,84,98,1,63.0,71.0,28.0,3.0
202,2017,GOVERNMENT,GROVEDALE COLLEGE,GROVEDALE,37,24,0,152,97,31,60,100,2,93.0,97.0,27.0,4.6
203,2017,INDEPENDENT,HAILEYBURY COLLEGE,KEYSBOROUGH,50,8,0,475,39,0,87,100,46,96.0,0.0,35.0,26.1
204,2017,INDEPENDENT,HAILEYBURY GIRLS COLLEGE,KEYSBOROUGH,47,4,0,333,15,0,97,100,45,86.0,0.0,36.0,29.5
205,2017,GOVERNMENT,HALLAM SENIOR SECONDARY COLLEGE,HALLAM,53,30,0,348,536,268,62,90,1,97.0,86.0,21.0,0.2
206,2017,GOVERNMENT,HAMPTON PARK SECONDARY COLLEGE,HAMPTON PARK,47,31,0,205,137,95,87,99,3,95.0,80.0,25.0,0.7
207,2017,GOVERNMENT,HAWKESDALE COLLEGE,HAWKESDALE,24,13,0,31,20,14,47,94,0,100.0,96.0,25.0,0.0
208,2017,GOVERNMENT,HEALESVILLE HIGH SCHOOL,HEALESVILLE,40,22,0,77,66,43,60,97,0,88.0,92.0,24.0,1.4
209,2017,INDEPENDENT,HEATHDALE CHRISTIAN COLLEGE WERRIBEE CAMPUS,WERRIBEE,40,15,0,95,120,9,100,100,3,94.0,100.0,29.0,6.5
210,2017,INDEPENDENT,HEATHERTON CHRISTIAN COLLEGE,CLARINDA,23,6,0,48,35,0,66,100,1,100.0,0.0,31.0,13.7
211,2017,GOVERNMENT,HEATHMONT COLLEGE,HEATHMONT,30,17,0,74,26,25,85,95,0,94.0,74.0,28.0,3.2
212,2017,INDEPENDENT,HERITAGE COLLEGE - OFFICER CAMPUS,OFFICER,19,9,0,33,11,12,56,100,0,83.0,90.0,26.0,2.3
216,2017,INDEPENDENT,HIGHVIEW CHRISTIAN COMMUNITY COLLEGE,MARYBOROUGH,33,8,0,75,72,0,74,98,1,98.0,0.0,27.0,4.8
217,2017,INDEPENDENT,HILLCREST CHRISTIAN COLLEGE - AYR HILL CAMPUS,CLYDE NORTH,38,9,0,144,28,0,86,99,5,93.0,0.0,29.0,6.4
223,2017,GOVERNMENT,HORSHAM COLLEGE,HORSHAM,44,25,0,148,133,42,73,96,4,96.0,36.0,29.0,6.4
224,2017,INDEPENDENT,HUME ANGLICAN GRAMMAR,MICKLEHAM,20,0,0,57,0,0,90,100,0,0.0,0.0,28.0,2.3
225,2017,GOVERNMENT,HUME CENTRAL SECONDARY COLLEGE - TOWN PARK CAMPUS,BROADMEADOWS,37,24,0,155,105,77,95,100,0,100.0,80.0,23.0,1.9
226,2017,INDEPENDENT,HUNTINGTOWER SCHOOL,MOUNT WAVERLEY,34,4,0,165,4,0,98,100,24,93.0,0.0,37.0,30.0
227,2017,INDEPENDENT,ILIM COLLEGE,BROADMEADOWS,18,0,0,100,0,0,93,98,3,0.0,0.0,29.0,7.8
228,2017,INDEPENDENT,ILIM COLLEGE BOYS CAMPUS,DALLAS,17,0,0,67,0,0,90,100,1,0.0,0.0,28.0,3.8
229,2017,INDEPENDENT,IVANHOE GIRLS' GRAMMAR SCHOOL,IVANHOE,38,7,0,276,118,0,99,100,20,78.0,0.0,34.0,19.6
230,2017,INDEPENDENT,IVANHOE GRAMMAR SCHOOL,IVANHOE,36,2,1,309,50,0,88,99,21,100.0,0.0,33.0,13.2
232,2017,GOVERNMENT,JOHN FAWKNER COLLEGE,FAWKNER,15,8,0,60,155,66,77,85,0,76.0,68.0,25.0,1.9
233,2017,SELECTIVE,JOHN MONASH SCIENCE SCHOOL,CLAYTON,45,1,0,410,0,0,97,100,61,0.0,0.0,34.0,16.8
235,2017,GOVERNMENT,KAMBRYA COLLEGE,BERWICK,69,37,0,235,258,138,74,97,5,88.0,83.0,30.0,3.3
238,2017,INDEPENDENT,KARDINIA INTERNATIONAL COLLEGE,BELL POST HILL,43,19,1,291,26,0,90,100,14,99.0,0.0,31.0,9.4
239,2017,GOVERNMENT,KEILOR DOWNS COLLEGE,KEILOR DOWNS,63,32,0,245,159,80,93,100,13,81.0,87.0,29.0,5.9
242,2017,GOVERNMENT,KERANG TECHNICAL HIGH SCHOOL,KERANG,29,11,0,75,53,0,40,91,0,68.0,0.0,26.0,2.6
243,2017,GOVERNMENT,KEW HIGH SCHOOL,KEW EAST,51,15,0,337,70,0,83,99,25,99.0,0.0,30.0,7.9
244,2017,GOVERNMENT,KEYSBOROUGH SECONDARY COLLEGE - ACACIA CAMPUS,KEYSBOROUGH,48,21,0,136,46,34,97,96,3,77.0,84.0,27.0,2.4
245,2017,GOVERNMENT,KEYSBOROUGH SECONDARY COLLEGE- BANKSIA CAMPUS,SPRINGVALE SOUTH,47,22,0,187,66,46,98,99,8,62.0,68.0,28.0,3.0
246,2017,CATHOLIC,KILBREDA COLLEGE,MENTONE,42,16,0,267,77,19,87,100,10,97.0,100.0,30.0,7.3
247,2017,CATHOLIC,KILLESTER COLLEGE,SPRINGVALE,53,20,0,229,108,26,96,100,17,86.0,98.0,31.0,7.2
248,2017,INDEPENDENT,KILVINGTON GRAMMAR SCHOOL,ORMOND,37,6,0,156,9,0,100,100,16,89.0,0.0,35.0,22.2
249,2017,INDEPENDENT,KINGS COLLEGE,WARRNAMBOOL,17,6,0,23,6,0,54,100,1,100.0,0.0,31.0,7.4
250,2017,INDEPENDENT,KINGSWOOD COLLEGE,BOX HILL,37,12,0,141,101,0,97,100,3,100.0,0.0,32.0,8.1
251,2017,CATHOLIC,KOLBE CATHOLIC COLLEGE,GREENVALE,33,17,0,154,259,49,94,99,0,85.0,94.0,26.0,1.9
252,2017,GOVERNMENT,KOO WEE RUP SECONDARY COLLEGE,KOO WEE RUP,41,27,0,197,138,88,81,97,1,85.0,82.0,28.0,1.1
253,2017,GOVERNMENT,KOONUNG SECONDARY COLLEGE,MONT ALBERT NORTH,50,16,0,252,42,0,85,100,19,98.0,0.0,31.0,8.9
254,2017,INDEPENDENT,KOROWA ANGLICAN GIRLS' SCHOOL,GLEN IRIS,36,6,0,131,8,0,100,100,26,100.0,0.0,37.0,29.0
255,2017,GOVERNMENT,KORUMBURRA SECONDARY COLLEGE,KORUMBURRA,19,15,0,49,24,27,58,88,0,86.0,72.0,24.0,0.7
256,2017,GOVERNMENT,KURNAI COLLEGE - UNIVERSITY CAMPUS,CHURCHILL,57,33,0,282,215,129,56,89,1,77.0,90.0,27.0,1.0
257,2017,GOVERNMENT,KURUNJANG SECONDARY COLLEGE,MELTON,33,23,0,125,83,75,84,100,0,57.0,62.0,22.0,0.3
258,2017,GOVERNMENT,KYABRAM P-12 COLLEGE,KYABRAM,29,14,0,106,76,29,56,92,0,81.0,58.0,24.0,0.4
259,2017,GOVERNMENT,KYNETON SECONDARY COLLEGE,KYNETON,27,11,0,80,88,38,78,100,5,99.0,93.0,27.0,2.4
261,2017,GOVERNMENT,LAKES ENTRANCE SECONDARY COLLEGE,LAKES ENTRANCE,18,8,0,37,34,21,92,100,0,67.0,72.0,28.0,1.5
262,2017,INDEPENDENT,LAKESIDE LUTHERAN COLLEGE,PAKENHAM,15,5,0,35,29,0,84,100,0,95.0,0.0,28.0,0.0
263,2017,GOVERNMENT,LAKEVIEW SENIOR COLLEGE,CAROLINE SPRINGS,71,36,0,436,195,97,92,97,4,89.0,93.0,28.0,3.1
265,2017,GOVERNMENT,LALOR SECONDARY COLLEGE,LALOR,41,19,0,150,56,47,88,95,1,87.0,91.0,29.0,3.2
266,2017,GOVERNMENT,LARA SECONDARY COLLEGE,LARA,41,28,0,139,87,56,50,92,0,81.0,83.0,23.0,0.7
267,2017,INDEPENDENT,LAURISTON GIRLS SCHOOL,ARMADALE,36,10,1,93,16,0,90,100,6,97.0,0.0,35.0,29.7
268,2017,CATHOLIC,LAVALLA CATHOLIC COLLEGE,TRARALGON,50,26,0,276,224,45,75,99,2,97.0,76.0,27.0,3.1
269,2017,GOVERNMENT,LAVERS HILL K-12 COLLEGE,LAVERS HILL,13,15,0,21,66,0,0,100,0,80.0,0.0,26.0,0.0
270,2017,GOVERNMENT,LAVERTON P-12 COLLEGE - BLADIN CAMPUS,LAVERTON,32,19,0,61,60,41,81,97,0,75.0,74.0,23.0,0.6
271,2017,INDEPENDENT,LEIBLER YAVNEH COLLEGE,ELSTERNWICK,30,9,0,124,90,0,97,100,4,89.0,0.0,35.0,27.9
273,2017,INDEPENDENT,LIGHTHOUSE CHRISTIAN COLLEGE,KEYSBOROUGH,23,2,0,59,6,0,94,100,1,96.0,0.0,29.0,4.4
274,2017,INDEPENDENT,LIGHTHOUSE CHRISTIAN COLLEGE CRANBOURNE,CRANBOURNE,18,0,0,87,0,0,49,98,5,0.0,0.0,30.0,9.0
275,2017,GOVERNMENT,LILYDALE HEIGHTS COLLEGE,LILYDALE,45,21,0,81,42,29,92,100,0,67.0,91.0,26.0,0.9
276,2017,GOVERNMENT,LILYDALE HIGH SCHOOL,LILYDALE,61,26,0,455,222,0,54,99,2,84.0,0.0,28.0,3.2
278,2017,CATHOLIC,LORETO COLLEGE,BALLARAT,49,19,0,216,82,26,88,99,8,83.0,94.0,31.0,6.7
279,2017,CATHOLIC,LORETO MANDEVILLE HALL,TOORAK,36,3,0,208,0,0,98,100,20,0.0,0.0,36.0,27.0
280,2017,GOVERNMENT,LORNE P-12 COLLEGE,LORNE,23,8,0,30,28,10,94,100,0,89.0,77.0,27.0,0.0
281,2017,GOVERNMENT,LOWANNA COLLEGE,NEWBOROUGH,43,26,0,186,160,66,44,97,0,76.0,50.0,22.0,0.0
282,2017,INDEPENDENT,LOWTHER HALL ANGLICAN GRAMMAR SCHOOL,ESSENDON,31,4,0,234,160,0,100,100,14,100.0,0.0,36.0,25.2
283,2017,CATHOLIC,LOYOLA COLLEGE,WATSONIA,63,23,0,265,107,31,89,100,9,94.0,100.0,30.0,3.7
284,2017,INDEPENDENT,LUTHER COLLEGE,CROYDON HILLS,49,20,0,333,60,0,86,100,11,99.0,0.0,32.0,9.4
286,2017,GOVERNMENT,LYNDALE SECONDARY COLLEGE,DANDENONG NORTH,53,25,0,171,103,58,98,96,4,90.0,76.0,26.0,2.8
289,2017,GOVERNMENT,MACLEOD COLLEGE,MACLEOD,30,6,0,104,10,0,88,99,3,86.0,0.0,25.0,2.2
290,2017,SELECTIVE,MACROBERTSON GIRLS HIGH SCHOOL,MELBOURNE,49,12,0,515,30,0,98,100,136,86.0,0.0,37.0,36.6
291,2017,GOVERNMENT,MAFFRA SECONDARY COLLEGE,MAFFRA,31,13,0,78,51,35,91,96,0,79.0,79.0,26.0,2.0
294,2017,GOVERNMENT,MANOR LAKES P-12 COLLEGE,WYNDHAM VALE,45,31,0,141,199,69,67,91,1,64.0,70.0,27.0,2.5
295,2017,GOVERNMENT,MANSFIELD SECONDARY COLLEGE,MANSFIELD,38,36,0,82,104,21,67,98,0,83.0,83.0,27.0,0.5
296,2017,INDEPENDENT,MARANATHA CHRISTIAN SCHOOL,ENDEAVOUR HILLS,35,11,0,123,19,18,78,100,1,90.0,95.0,31.0,8.0
297,2017,CATHOLIC,MARCELLIN COLLEGE,BULLEEN,52,23,0,291,137,29,94,100,13,94.0,94.0,30.0,7.5
298,2017,CATHOLIC,MARIAN COLLEGE ARARAT,ARARAT,28,16,0,96,59,30,72,98,0,95.0,84.0,27.0,4.2
299,2017,CATHOLIC,MARIAN COLLEGE MYRTLEFORD,MYRTLEFORD,26,9,0,53,28,15,70,100,2,80.0,100.0,27.0,0.0
300,2017,CATHOLIC,MARIAN COLLEGE SUNSHINE,SUNSHINE WEST,44,16,0,189,85,52,90,97,9,87.0,88.0,29.0,4.1
301,2017,GOVERNMENT,MARIBYRNONG SECONDARY COLLEGE,MARIBYRNONG,35,4,0,224,54,0,80,95,7,93.0,0.0,29.0,5.8
302,2017,CATHOLIC,MARIST SION COLLEGE,WARRAGUL,35,13,0,150,57,23,77,98,0,92.0,75.0,29.0,6.0
303,2017,CATHOLIC,MARY MACKILLOP CATHOLIC REGIONAL COLLEGE,LEONGATHA,29,7,0,111,64,20,84,98,0,98.0,99.0,30.0,4.9
304,2017,GOVERNMENT,MARYBOROUGH EDUCATION CENTRE,MARYBOROUGH,37,24,0,111,122,46,54,90,1,55.0,48.0,24.0,1.2
305,2017,CATHOLIC,MARYMEDE CATHOLIC COLLEGE,SOUTH MORANG,47,28,0,162,223,44,90,99,7,88.0,100.0,30.0,4.7
306,2017,CATHOLIC,MATER CHRISTI COLLEGE,BELGRAVE,57,25,0,225,132,14,88,100,0,88.0,89.0,32.0,10.9
307,2017,GOVERNMENT,MATTHEW FLINDERS GIRLS' SECONDARY COLLEGE,GEELONG,53,25,0,158,76,47,73,99,5,93.0,80.0,26.0,1.8
309,2017,GOVERNMENT,MCCLELLAND SECONDARY COLLEGE,FRANKSTON,46,32,0,152,147,163,54,98,3,69.0,86.0,29.0,3.8
310,2017,GOVERNMENT,MCGUIRE COLLEGE SHEPPARTON,SHEPPARTON,45,20,0,98,67,29,80,94,0,65.0,45.0,24.0,3.3
311,2017,GOVERNMENT,MCKINNON SECONDARY COLLEGE,MCKINNON,53,20,0,530,119,26,95,100,51,93.0,100.0,33.0,17.3
312,2017,GOVERNMENT,MELBA COLLEGE SENIOR CAMPUS,CROYDON,43,22,0,109,59,32,57,96,2,94.0,82.0,28.0,4.1
314,2017,GOVERNMENT,MELBOURNE GIRLS' COLLEGE,RICHMOND,50,14,0,381,25,0,96,100,33,98.0,0.0,33.0,14.6
315,2017,INDEPENDENT,MELBOURNE GRAMMAR SCHOOL,MELBOURNE,42,2,0,379,0,0,99,100,68,0.0,0.0,34.0,22.8
316,2017,SELECTIVE,MELBOURNE HIGH SCHOOL,SOUTH YARRA,59,17,0,686,71,0,94,100,121,99.0,0.0,36.0,30.6
318,2017,INDEPENDENT,MELBOURNE RUDOLF STEINER SCHOOL,WARRANWOOD,17,0,0,60,0,0,90,100,5,0.0,0.0,31.0,6.7
319,2017,INDEPENDENT,MELTON CHRISTIAN COLLEGE,BROOKFIELD,35,17,0,62,23,12,66,96,0,70.0,73.0,26.0,0.7
320,2017,GOVERNMENT,MELTON SECONDARY COLLEGE,MELTON,50,29,0,159,139,99,84,94,1,56.0,75.0,27.0,4.4
321,2017,INDEPENDENT,MENTONE GIRLS' GRAMMAR SCHOOL,MENTONE,38,4,0,168,30,0,98,99,26,100.0,0.0,34.0,20.9
323,2017,INDEPENDENT,MENTONE GRAMMAR SCHOOL,MENTONE,46,14,0,264,62,7,93,99,13,89.0,100.0,35.0,21.2
324,2017,CATHOLIC,MERCY COLLEGE,COBURG,34,13,0,126,27,12,96,98,1,99.0,100.0,29.0,4.0
325,2017,CATHOLIC,MERCY REGIONAL COLLEGE CAMPERDOWN,CAMPERDOWN,33,15,0,148,67,8,77,98,1,96.0,100.0,28.0,1.7
327,2017,INDEPENDENT,METHODIST LADIES COLLEGE,KEW,46,12,1,384,133,0,99,100,45,99.0,0.0,36.0,28.3
328,2017,GOVERNMENT,MILDURA SENIOR COLLEGE,MILDURA,69,43,0,548,380,190,62,95,3,78.0,71.0,27.0,2.1
329,2017,GOVERNMENT,MILL PARK SECONDARY COLLEGE,EPPING,67,32,0,431,269,75,80,95,5,75.0,93.0,25.0,2.2
330,2017,INDEPENDENT,MINARET COLLEGE,SPRINGVALE,23,0,0,156,0,0,100,100,0,0.0,0.0,27.0,4.7
331,2017,INDEPENDENT,MINARET COLLEGE - OFFICER CAMPUS (SENIOR),OFFICER,13,0,0,45,0,0,100,100,0,0.0,0.0,25.0,0.9
332,2017,GOVERNMENT,MIRBOO NORTH SECONDARY COLLEGE,MIRBOO NORTH,30,17,0,72,38,33,66,100,2,78.0,90.0,29.0,1.5
333,2017,GOVERNMENT,MONBULK COLLEGE,MONBULK,33,23,0,86,78,46,75,98,3,100.0,83.0,29.0,5.7
334,2017,CATHOLIC,MONIVAE COLLEGE,HAMILTON,39,21,0,109,71,27,70,100,0,87.0,99.0,29.0,2.9
335,2017,GOVERNMENT,MONTEREY SECONDARY COLLEGE,FRANKSTON NORTH,20,17,0,51,82,58,58,92,0,70.0,75.0,22.0,0.0
336,2017,GOVERNMENT,MONTMORENCY SECONDARY COLLEGE,MONTMORENCY,34,24,0,122,46,39,89,98,5,99.0,79.0,29.0,5.9
337,2017,GOVERNMENT,MOOROOLBARK COLLEGE,MOOROOLBARK,51,26,0,203,152,80,77,97,0,85.0,71.0,27.0,2.5
338,2017,GOVERNMENT,MOOROOPNA SECONDARY COLLEGE,MOOROOPNA,35,19,0,76,57,37,61,97,0,79.0,86.0,23.0,1.3
339,2017,GOVERNMENT,MORDIALLOC COLLEGE,MORDIALLOC,41,25,0,133,68,34,77,94,2,93.0,97.0,27.0,5.7
340,2017,GOVERNMENT,MORNINGTON SECONDARY COLLEGE,MORNINGTON,55,34,0,364,135,113,68,96,2,76.0,92.0,27.0,1.1
341,2017,GOVERNMENT,MORTLAKE COLLEGE,MORTLAKE,19,7,0,22,10,0,50,100,0,100.0,0.0,33.0,13.3
342,2017,GOVERNMENT,MOUNT ALEXANDER 7-12 COLLEGE,FLEMINGTON,27,18,0,64,42,39,93,94,0,85.0,94.0,26.0,1.5
343,2017,GOVERNMENT,MOUNT BEAUTY SECONDARY COLLEGE,MOUNT BEAUTY,28,12,0,59,34,0,44,96,2,100.0,0.0,27.0,2.1
344,2017,GOVERNMENT,MOUNT CLEAR COLLEGE,MOUNT CLEAR,53,29,0,168,141,66,57,90,0,73.0,60.0,24.0,1.3
345,2017,GOVERNMENT,MOUNT ELIZA SECONDARY COLLEGE,MOUNT ELIZA,43,26,0,162,89,29,84,99,4,89.0,72.0,28.0,4.2
346,2017,GOVERNMENT,MOUNT ERIN COLLEGE,FRANKSTON,42,22,0,133,64,37,68,99,1,92.0,88.0,27.0,0.9
347,2017,INDEPENDENT,MOUNT EVELYN CHRISTIAN SCHOOL,MOUNT EVELYN,36,18,0,101,70,48,83,100,2,89.0,75.0,30.0,5.4
348,2017,CATHOLIC,MOUNT LILYDALE MERCY COLLEGE,LILYDALE,53,26,0,312,209,39,89,99,6,89.0,97.0,29.0,4.7
349,2017,GOVERNMENT,MOUNT RIDLEY P-12 COLLEGE,CRAIGIEBURN,49,28,0,202,152,84,99,99,1,66.0,46.0,25.0,2.1
351,2017,CATHOLIC,MOUNT ST JOSEPH GIRLS' COLLEGE,ALTONA,51,21,0,213,53,28,100,100,13,89.0,95.0,31.0,7.6
352,2017,GOVERNMENT,MOUNT WAVERLEY SECONDARY COLLEGE,MOUNT WAVERLEY,59,15,0,439,38,0,97,99,37,80.0,0.0,30.0,5.9
353,2017,INDEPENDENT,MOUNTAIN DISTRICT CHRISTIAN SCHOOL,MONBULK,20,8,0,23,8,0,57,93,0,85.0,0.0,30.0,2.9
355,2017,INDEPENDENT,MT HIRA COLLEGE,KEYSBOROUGH,16,0,0,61,0,0,100,100,1,0.0,0.0,27.0,2.2
356,2017,GOVERNMENT,MULLAUNA COLLEGE,MITCHAM,29,10,0,110,14,0,92,98,3,95.0,0.0,31.0,8.3
358,2017,GOVERNMENT,MURTOA P-12 COLLEGE,MURTOA,19,9,0,38,15,9,84,96,0,91.0,100.0,28.0,2.4
359,2017,GOVERNMENT,MYRTLEFORD P-12 COLLEGE,MYRTLEFORD,21,5,0,30,10,17,52,88,0,100.0,79.0,26.0,1.6
360,2017,CATHOLIC,NAGLE COLLEGE,BAIRNSDALE,40,19,0,165,126,37,51,99,1,94.0,90.0,26.0,1.6
362,2017,GOVERNMENT,NARRE WARREN SOUTH P-12 COLLEGE,NARRE WARREN SOUTH,46,28,0,262,240,235,97,98,3,100.0,100.0,30.0,3.8
363,2017,GOVERNMENT,NATHALIA SECONDARY COLLEGE,NATHALIA,28,16,0,29,33,15,66,100,0,75.0,91.0,28.0,2.2
364,2017,CATHOLIC,NAZARETH COLLEGE,NOBLE PARK NORTH,38,19,0,143,63,26,98,100,1,92.0,97.0,29.0,5.0
365,2017,GOVERNMENT,NEERIM DISTRICT SECONDARY COLLEGE,NEERIM SOUTH,24,9,0,28,25,12,92,100,0,95.0,91.0,28.0,6.2
366,2017,GOVERNMENT,NEWCOMB SECONDARY COLLEGE,NEWCOMB,39,25,0,63,118,73,51,91,1,97.0,77.0,24.0,0.0
367,2017,INDEPENDENT,NEWHAVEN COLLEGE,RHYLL,31,3,0,137,33,0,79,100,4,97.0,0.0,31.0,5.2
368,2017,GOVERNMENT,NHILL COLLEGE,NHILL,34,14,0,50,22,12,74,100,1,88.0,96.0,29.0,7.5
369,2017,GOVERNMENT,NOBLE PARK SECONDARY COLLEGE,NOBLE PARK,30,12,0,103,47,47,76,97,3,72.0,91.0,25.0,2.1
370,2017,GOVERNMENT,NORTH GEELONG SECONDARY COLLEGE,GEELONG NORTH,49,27,0,122,120,104,84,96,0,64.0,89.0,25.0,1.9
371,2017,INDEPENDENT,NORTH MELBOURNE GRAMMAR COLLEGE,NORTH MELBOURNE,9,1,0,24,0,0,73,80,0,0.0,0.0,22.0,0.0
372,2017,GOVERNMENT,NORTHCOTE HIGH SCHOOL,NORTHCOTE,60,30,0,442,153,12,91,99,25,85.0,78.0,31.0,8.9
373,2017,GOVERNMENT,NORTHERN BAY P-12 COLLEGE,CORIO,40,29,0,74,93,71,55,88,0,70.0,48.0,22.0,0.0
374,2017,GOVERNMENT,NORTHERN COLLEGE OF THE ARTS AND TECHNOLOGY,PRESTON EAST,56,28,0,289,391,232,37,94,1,94.0,99.0,27.0,4.6
375,2017,INDEPENDENT,NORTHSIDE CHRISTIAN COLLEGE,BUNDOORA,20,8,0,28,13,0,62,100,2,98.0,0.0,30.0,10.4
376,2017,GOVERNMENT,NORWOOD SECONDARY COLLEGE,RINGWOOD,40,23,0,242,101,31,74,98,2,92.0,98.0,28.0,3.3
377,2017,SELECTIVE,NOSSAL HIGH SCHOOL,BERWICK,45,3,0,424,21,0,99,100,47,100.0,0.0,36.0,21.5
378,2017,CATHOLIC,NOTRE DAME COLLEGE,SHEPPARTON,66,39,0,395,628,122,75,99,3,88.0,84.0,29.0,6.7
379,2017,GOVERNMENT,NUMURKAH SECONDARY COLLEGE,NUMURKAH,29,18,0,35,44,35,25,100,0,76.0,73.0,23.0,0.0
380,2017,INDEPENDENT,NUNAWADING CHRISTIAN COLLEGE - SECONDARY CAMPUS,NUNAWADING,18,3,0,43,4,0,96,100,0,100.0,0.0,30.0,8.2
381,2017,INDEPENDENT,OAKLEIGH GRAMMAR,OAKLEIGH,26,3,0,80,0,0,95,100,6,0.0,0.0,30.0,3.1
383,2017,GOVERNMENT,OBERON HIGH SCHOOL,BELMONT,44,18,0,124,33,28,65,100,5,95.0,91.0,29.0,4.3
384,2017,GOVERNMENT,ORBOST SECONDARY COLLEGE,ORBOST,17,7,0,60,69,18,63,95,0,62.0,87.0,22.0,0.0
385,2017,CATHOLIC,OUR LADY OF MERCY COLLEGE,HEIDELBERG,49,13,0,339,65,12,96,100,32,93.0,100.0,32.0,11.0
386,2017,CATHOLIC,OUR LADY OF SACRED HEART COLLEGE,BENTLEIGH,49,16,0,169,191,16,98,98,3,100.0,100.0,32.0,8.2
387,2017,CATHOLIC,OUR LADY OF SION COLLEGE,BOX HILL,45,16,0,217,31,9,94,100,12,94.0,80.0,33.0,11.3
389,2017,INDEPENDENT,OVERNEWTON ANGLICAN COMMUNITY COLLEGE,KEILOR,41,6,0,245,158,0,93,100,6,98.0,0.0,30.0,6.7
390,2017,INDEPENDENT,OXLEY CHRISTIAN COLLEGE,CHIRNSIDE PARK,36,7,0,151,7,0,93,100,6,100.0,0.0,32.0,10.0
392,2017,CATHOLIC,PADUA COLLEGE,MORNINGTON,58,37,0,443,242,64,80,99,8,94.0,87.0,29.0,3.9
393,2017,GOVERNMENT,PAKENHAM SECONDARY COLLEGE,PAKENHAM,54,36,0,130,119,84,96,100,0,97.0,79.0,27.0,1.8
394,2017,CATHOLIC,PARADE COLLEGE,BUNDOORA,60,21,0,359,281,123,91,100,23,89.0,99.0,31.0,6.6
395,2017,GOVERNMENT,PARKDALE SECONDARY COLLEGE,MORDIALLOC,59,32,0,360,198,71,68,97,7,98.0,96.0,29.0,3.7
397,2017,GOVERNMENT,PASCOE VALE GIRLS SECONDARY COLLEGE,PASCOE VALE,39,15,0,266,101,36,91,93,20,78.0,76.0,27.0,2.7
399,2017,INDEPENDENT,PENINSULA GRAMMAR,MOUNT ELIZA,44,11,0,284,16,0,92,100,8,83.0,0.0,33.0,14.9
400,2017,INDEPENDENT,PENLEIGH AND ESSENDON GRAMMAR SCHOOL,KEILOR EAST,38,5,0,288,9,0,95,100,68,85.0,0.0,35.0,24.0
401,2017,CATHOLIC,PENOLA CATHOLIC COLLEGE,BROADMEADOWS,57,31,0,263,243,70,81,99,8,92.0,91.0,29.0,2.1
403,2017,GOVERNMENT,PHOENIX P-12 COMMUNITY COLLEGE,SEBASTOPOL,37,16,0,150,125,62,73,99,0,79.0,89.0,26.0,1.9
405,2017,INDEPENDENT,PLENTY VALLEY CHRISTIAN COLLEGE,DOREEN,40,22,0,104,70,15,89,100,2,91.0,100.0,30.0,5.8
407,2017,GOVERNMENT,PORTLAND SECONDARY COLLEGE,PORTLAND,36,13,0,141,103,41,62,97,0,80.0,69.0,26.0,0.6
409,2017,CATHOLIC,PRESENTATION COLLEGE WINDSOR,WINDSOR,48,20,0,152,60,8,95,99,6,89.0,100.0,30.0,6.6
410,2017,INDEPENDENT,PRESHIL THE MARGARET LYTTLE MEMORIAL SCHOOL,KEW,22,8,0,47,11,0,84,96,0,85.0,0.0,29.0,3.0
414,2017,GOVERNMENT,RED CLIFFS SECONDARY COLLEGE,RED CLIFFS,32,19,0,139,77,50,39,99,0,68.0,79.0,24.0,2.3
415,2017,GOVERNMENT,RESERVOIR HIGH SCHOOL,RESERVOIR,40,17,0,122,56,18,85,97,8,81.0,96.0,27.0,3.0
416,2017,GOVERNMENT,RINGWOOD SECONDARY COLLEGE,RINGWOOD,76,34,0,351,112,49,89,97,11,80.0,86.0,29.0,6.2
420,2017,GOVERNMENT,ROCHESTER SECONDARY COLLEGE,ROCHESTER,32,15,0,92,52,29,75,98,4,79.0,99.0,27.0,1.5
421,2017,GOVERNMENT,ROSEBUD SECONDARY COLLEGE,ROSEBUD,59,32,0,216,123,73,73,99,6,89.0,86.0,28.0,1.8
422,2017,GOVERNMENT,ROSEHILL SECONDARY COLLEGE,NIDDRIE,44,12,0,216,41,31,80,99,4,89.0,88.0,29.0,2.4
423,2017,GOVERNMENT,ROWVILLE SECONDARY COLLEGE,ROWVILLE,72,41,0,492,232,111,58,94,4,78.0,80.0,27.0,1.5
424,2017,GOVERNMENT,ROXBURGH COLLEGE,ROXBURGH PARK,33,15,0,253,383,107,93,92,1,85.0,83.0,25.0,1.3
426,2017,GOVERNMENT,RUTHERGLEN HIGH SCHOOL,RUTHERGLEN,22,9,0,66,62,13,40,97,0,88.0,88.0,26.0,3.0
427,2017,INDEPENDENT,RUYTON GIRLS' SCHOOL,KEW,37,7,0,160,18,0,100,100,27,100.0,0.0,36.0,26.8
428,2017,CATHOLIC,SACRE COEUR,GLEN IRIS,36,4,0,156,5,0,100,100,16,100.0,0.0,36.0,26.3
429,2017,CATHOLIC,SACRED HEART COLLEGE,YARRAWONGA,31,17,0,53,88,21,100,100,0,98.0,93.0,28.0,1.0
430,2017,CATHOLIC,SACRED HEART COLLEGE GEELONG,NEWTOWN,69,33,0,387,205,59,90,100,13,99.0,98.0,34.0,13.6
431,2017,CATHOLIC,SACRED HEART COLLEGE KYNETON,KYNETON,46,20,0,180,125,26,87,100,4,87.0,99.0,31.0,9.4
432,2017,CATHOLIC,SACRED HEART GIRLS' COLLEGE OAKLEIGH,HUGHESDALE,44,9,0,213,21,0,99,100,20,100.0,0.0,34.0,13.6
433,2017,CATHOLIC,SAINT IGNATIUS COLLEGE GEELONG,DRYSDALE,50,25,0,195,58,45,69,100,4,96.0,91.0,32.0,7.9
434,2017,GOVERNMENT,SALE COLLEGE,SALE,41,18,0,160,94,69,64,96,2,83.0,84.0,25.0,0.9
436,2017,CATHOLIC,SALESIAN COLLEGE SUNBURY,SUNBURY,49,29,0,205,131,61,89,99,3,80.0,79.0,29.0,2.3
437,2017,GOVERNMENT,SANDRINGHAM COLLEGE,SANDRINGHAM,56,23,0,277,153,46,79,97,6,90.0,89.0,29.0,3.5
439,2017,GOVERNMENT,SCORESBY SECONDARY COLLEGE,SCORESBY,21,15,0,50,27,18,76,100,3,90.0,93.0,24.0,0.0
440,2017,INDEPENDENT,SCOTCH COLLEGE,HAWTHORN,46,5,0,439,8,0,97,100,82,71.0,0.0,36.0,26.8
442,2017,GOVERNMENT,SEYMOUR COLLEGE,SEYMOUR,30,22,0,85,122,25,72,88,1,96.0,87.0,25.0,2.6
443,2017,INDEPENDENT,SHELFORD GIRLS' GRAMMAR,CAULFIELD,42,12,0,137,22,0,97,100,19,100.0,0.0,36.0,25.4
445,2017,INDEPENDENT,SHEPPARTON CHRISTIAN COLLEGE,SHEPPARTON,33,14,0,33,22,9,56,100,0,77.0,68.0,28.0,10.5
446,2017,GOVERNMENT,SHEPPARTON HIGH SCHOOL,SHEPPARTON,47,23,0,125,94,85,72,84,0,72.0,86.0,24.0,2.0
448,2017,CATHOLIC,SIENA COLLEGE,CAMBERWELL,41,9,0,164,14,0,100,100,5,98.0,0.0,34.0,14.3
449,2017,CATHOLIC,SIMONDS CATHOLIC COLLEGE,FITZROY NORTH,34,18,0,107,45,15,92,98,6,84.0,95.0,31.0,4.2
450,2017,INDEPENDENT,SIRIUS COLLEGE - EASTMEADOWS CAMPUS,BROADMEADOWS,17,0,0,138,0,0,100,100,9,0.0,0.0,31.0,9.4
454,2017,GOVERNMENT,SOMERVILLE SECONDARY COLLEGE,SOMERVILLE,26,18,0,47,21,24,38,94,0,93.0,94.0,25.0,2.0
455,2017,GOVERNMENT,SOUTH OAKLEIGH SECONDARY COLLEGE,OAKLEIGH SOUTH,30,2,0,84,25,0,72,97,2,83.0,0.0,29.0,3.0
459,2017,GOVERNMENT,ST ALBANS SECONDARY COLLEGE,ST ALBANS,48,25,0,257,228,92,90,95,18,84.0,91.0,30.0,8.4
460,2017,CATHOLIC,ST ALOYSIUS COLLEGE,NORTH MELBOURNE,35,13,0,110,26,10,97,100,8,100.0,100.0,32.0,4.9
461,2017,INDEPENDENT,ST ANDREWS CHRISTIAN COLLEGE,WANTIRNA SOUTH,32,8,0,58,11,0,96,100,3,100.0,0.0,32.0,10.8
462,2017,GOVERNMENT,ST ARNAUD SECONDARY COLLEGE,ST ARNAUD,22,12,0,30,26,15,81,100,0,70.0,83.0,26.0,1.0
463,2017,CATHOLIC,ST AUGUSTINE'S COLLEGE,KYABRAM,32,20,0,69,42,10,86,93,0,95.0,94.0,29.0,3.8
464,2017,CATHOLIC,ST BEDE'S COLLEGE,MENTONE,45,19,0,349,118,43,85,100,6,96.0,100.0,31.0,7.9
465,2017,CATHOLIC,ST BERNARD'S COLLEGE,ESSENDON,46,24,0,314,144,26,90,100,5,93.0,95.0,31.0,8.0
466,2017,CATHOLIC,ST BRIGID'S COLLEGE,HORSHAM,36,19,0,104,57,85,77,98,0,69.0,85.0,28.0,2.7
467,2017,INDEPENDENT,ST CATHERINE'S SCHOOL,TOORAK,36,8,0,161,19,0,98,100,25,96.0,0.0,34.0,20.0
468,2017,CATHOLIC,ST COLUMBA'S COLLEGE,ESSENDON,53,14,0,237,55,12,98,100,10,96.0,90.0,32.0,11.9
469,2017,CATHOLIC,ST FRANCIS XAVIER COLLEGE,BEACONSFIELD,56,28,0,513,417,147,76,99,17,95.0,90.0,29.0,4.3
470,2017,GOVERNMENT,ST HELENA SECONDARY COLLEGE,ELTHAM,54,28,0,389,301,37,87,99,1,85.0,94.0,30.0,5.7
472,2017,CATHOLIC,ST JOHN'S REGIONAL COLLEGE,DANDENONG,46,21,0,204,138,30,88,99,5,94.0,98.0,28.0,3.0
473,2017,CATHOLIC,ST JOSEPH'S COLLEGE ECHUCA,ECHUCA,41,22,0,261,224,22,74,96,1,93.0,95.0,28.0,1.8
474,2017,CATHOLIC,ST JOSEPH'S COLLEGE FERNTREE GULLY,FERNTREE GULLY,51,29,0,270,343,66,87,99,1,89.0,98.0,30.0,6.4
475,2017,CATHOLIC,ST JOSEPH'S COLLEGE MILDURA,MILDURA,48,27,0,173,91,40,73,100,2,77.0,89.0,29.0,6.3
476,2017,CATHOLIC,ST JOSEPH'S COLLEGE NEWTOWN,NEWTOWN,51,22,0,387,236,55,71,99,3,98.0,99.0,31.0,10.0
477,2017,CATHOLIC,ST KEVIN'S COLLEGE TOORAK,TOORAK,39,5,0,371,8,0,97,100,24,100.0,0.0,37.0,30.8
478,2017,INDEPENDENT,ST LEONARDS COLLEGE,BRIGHTON EAST,37,5,1,174,23,0,87,100,8,99.0,0.0,34.0,15.9
479,2017,INDEPENDENT,ST MARGARETS SCHOOL,BERWICK,26,3,0,97,0,0,100,100,9,0.0,0.0,35.0,20.4
480,2017,CATHOLIC,ST MARY MACKILLOP COLLEGE,SWAN HILL,33,15,0,113,143,32,94,100,0,96.0,91.0,29.0,4.6
481,2017,CATHOLIC,ST MARY OF THE ANGELS SCHOOL,NATHALIA,49,34,0,141,82,45,81,100,0,81.0,90.0,27.0,1.9
482,2017,INDEPENDENT,ST MARY'S COPTIC ORTHODOX COLLEGE,COOLAROO,17,0,0,120,0,0,94,100,6,0.0,0.0,27.0,7.6
483,2017,INDEPENDENT,ST MICHAEL'S GRAMMAR SCHOOL,ST KILDA,40,9,0,189,16,0,91,100,17,93.0,0.0,33.0,15.3
484,2017,CATHOLIC,ST MONICA'S COLLEGE,EPPING,54,16,0,383,280,52,87,100,15,97.0,97.0,30.0,6.6
485,2017,CATHOLIC,ST PATRICK'S COLLEGE,BALLARAT,40,21,0,357,258,23,80,98,5,96.0,100.0,29.0,3.2
487,2017,CATHOLIC,ST PETER'S COLLEGE,CRANBOURNE,59,34,0,287,196,59,80,100,4,88.0,92.0,27.0,2.3
488,2017,INDEPENDENT,ST THOMAS AQUINAS COLLEGE,TYNONG,12,0,0,25,0,0,65,100,3,0.0,0.0,28.0,2.9
489,2017,CATHOLIC,STAR OF THE SEA COLLEGE,BRIGHTON,49,13,0,268,53,8,99,100,12,94.0,95.0,33.0,14.8
490,2017,GOVERNMENT,STAUGHTON COLLEGE,MELTON SOUTH,42,28,0,139,79,80,64,94,0,64.0,65.0,26.0,0.6
492,2017,INDEPENDENT,STOTT'S COLLEGES,MELBOURNE,11,0,0,24,0,0,95,100,5,0.0,0.0,27.0,6.2
493,2017,INDEPENDENT,STRATHCONA BAPTIST GIRLS GRAMMAR SCHOOL,CANTERBURY,33,3,0,163,0,0,98,100,25,0.0,0.0,36.0,25.8
494,2017,GOVERNMENT,STRATHMORE SECONDARY COLLEGE,STRATHMORE,47,10,0,371,26,0,91,98,16,90.0,0.0,32.0,9.0
495,2017,GOVERNMENT,SUNBURY COLLEGE,SUNBURY,40,24,0,200,173,25,74,97,2,90.0,88.0,27.0,2.0
500,2017,SELECTIVE,SUZANNE CORY HIGH SCHOOL,WERRIBEE,36,0,0,403,0,0,99,100,49,0.0,0.0,35.0,19.7
501,2017,GOVERNMENT,SWAN HILL COLLEGE,SWAN HILL,33,24,0,199,264,115,76,99,0,90.0,75.0,25.0,3.0
503,2017,GOVERNMENT,SWINBURNE SENIOR SECONDARY COLLEGE,HAWTHORN,55,25,0,262,85,36,79,91,1,78.0,99.0,28.0,0.8
506,2017,GOVERNMENT,TALLANGATTA SECONDARY COLLEGE,TALLANGATTA,32,18,0,85,93,23,64,100,0,93.0,71.0,28.0,0.5
507,2017,GOVERNMENT,TARNEIT SENIOR COLLEGE,TARNEIT,36,14,0,160,28,28,89,97,2,76.0,89.0,26.0,0.6
508,2017,GOVERNMENT,TAYLORS LAKES SECONDARY COLLEGE,TAYLORS LAKES,47,24,0,269,144,78,91,99,5,92.0,89.0,27.0,2.3
509,2017,GOVERNMENT,TEMPLESTOWE COLLEGE,TEMPLESTOWE LOWER,59,24,0,275,78,21,52,85,0,84.0,76.0,28.0,2.9
510,2017,GOVERNMENT,TERANG COLLEGE SECONDARY CAMPUS,TERANG,27,16,0,35,29,15,92,100,0,89.0,90.0,29.0,5.3
513,2017,INDEPENDENT,THE GEELONG COLLEGE,NEWTOWN,38,7,0,243,28,0,95,99,29,94.0,0.0,34.0,19.1
514,2017,GOVERNMENT,THE GRANGE P-12 COLLEGE,HOPPERS CROSSING,30,19,0,158,133,74,69,94,0,85.0,83.0,25.0,1.4
515,2017,INDEPENDENT,THE HAMILTON AND ALEXANDRA COLLEGE,HAMILTON,37,10,0,127,58,0,93,100,6,99.0,0.0,32.0,12.7
516,2017,INDEPENDENT,THE KING DAVID SCHOOL- SENIOR SCHOOL,ARMADALE,39,11,0,124,67,0,94,100,5,97.0,0.0,36.0,25.3
517,2017,INDEPENDENT,THE KNOX SCHOOL,WANTIRNA SOUTH,35,7,0,134,27,0,95,100,3,86.0,0.0,32.0,8.5
518,2017,CATHOLIC,THOMAS CARR COLLEGE,TARNEIT,50,34,0,317,137,63,90,99,9,95.0,96.0,27.0,1.3
519,2017,GOVERNMENT,THOMASTOWN SECONDARY COLLEGE,THOMASTOWN,32,15,0,87,30,0,74,95,0,91.0,0.0,23.0,1.9
520,2017,GOVERNMENT,THORNBURY HIGH SCHOOL,THORNBURY,49,26,0,202,119,72,95,98,2,78.0,88.0,30.0,4.5
521,2017,GOVERNMENT,TIMBOON P-12 SCHOOL,TIMBOON,25,18,0,35,37,13,61,100,0,100.0,96.0,28.0,0.0
522,2017,INDEPENDENT,TINTERN GRAMMAR,RINGWOOD EAST,38,8,1,128,33,0,93,100,6,85.0,0.0,31.0,8.5
523,2017,INDEPENDENT,TOORAK COLLEGE,MOUNT ELIZA,38,8,0,133,14,5,92,100,17,100.0,100.0,34.0,17.7
524,2017,GOVERNMENT,TRAFALGAR HIGH SCHOOL,TRAFALGAR,25,16,0,120,34,36,87,100,0,68.0,94.0,28.0,3.7
525,2017,GOVERNMENT,TRARALGON COLLEGE,TRARALGON,33,23,0,125,80,72,52,90,0,74.0,96.0,23.0,0.0
526,2017,CATHOLIC,TRINITY COLLEGE COLAC,COLAC,44,31,0,176,113,48,76,96,0,92.0,97.0,27.0,4.6
528,2017,GOVERNMENT,TYRRELL COLLEGE,SEA LAKE,20,10,0,32,42,7,91,100,0,94.0,100.0,29.0,10.4
530,2017,GOVERNMENT,UPPER YARRA SECONDARY COLLEGE,YARRA JUNCTION,30,15,0,85,58,38,90,95,0,87.0,68.0,26.0,1.7
531,2017,GOVERNMENT,UPWEY HIGH SCHOOL,UPWEY,43,27,0,153,102,40,66,87,0,95.0,77.0,27.0,1.7
532,2017,GOVERNMENT,VERMONT SECONDARY COLLEGE,VERMONT,49,20,0,277,35,0,96,100,17,99.0,0.0,31.0,8.3
534,2017,GOVERNMENT,VICTORIA UNIVERSITY SECONDARY COLLEGE - BRIMBANK CAMPUS,ST ALBANS,44,22,0,179,132,97,84,91,1,95.0,86.0,27.0,2.6
536,2017,GOVERNMENT,VICTORIAN COLLEGE OF THE ARTS SECONDARY SCHOOL,SOUTHBANK,24,1,0,195,26,0,68,94,2,97.0,0.0,35.0,23.3
537,2017,INDEPENDENT,VICTORY CHRISTIAN COLLEGE,STRATHDALE,39,10,0,57,16,0,68,100,0,59.0,0.0,29.0,5.2
538,2017,INDEPENDENT,VICTORY LUTHERAN COLLEGE,WEST WODONGA,24,9,0,65,63,0,68,97,0,98.0,0.0,31.0,11.0
539,2017,GOVERNMENT,VIEWBANK COLLEGE,ROSANNA,51,18,0,277,40,0,87,99,23,84.0,0.0,32.0,9.8
540,2017,GOVERNMENT,WALLAN SECONDARY COLLEGE,WALLAN,35,21,0,58,79,32,51,84,0,80.0,82.0,25.0,0.7
541,2017,GOVERNMENT,WANGANUI PARK SECONDARY COLLEGE,SHEPPARTON,51,21,0,248,134,82,69,99,2,80.0,80.0,27.0,2.9
542,2017,GOVERNMENT,WANGARATTA HIGH SCHOOL - EDWARDS STREET CAMPUS,WANGARATTA,36,26,0,167,102,62,56,90,1,86.0,52.0,28.0,4.3
543,2017,GOVERNMENT,WANTIRNA COLLEGE,WANTIRNA,55,27,0,223,83,40,83,97,4,87.0,91.0,28.0,4.6
544,2017,GOVERNMENT,WARRACKNABEAL SECONDARY COLLEGE,WARRACKNABEAL,29,16,0,43,36,31,84,100,0,92.0,58.0,27.0,2.9
545,2017,GOVERNMENT,WARRAGUL REGIONAL COLLEGE,WARRAGUL,46,27,0,147,90,65,66,95,0,89.0,96.0,25.0,4.1
546,2017,GOVERNMENT,WARRANDYTE HIGH SCHOOL,WARRANDYTE,34,12,0,136,75,0,63,91,0,95.0,0.0,26.0,4.2
547,2017,GOVERNMENT,WARRNAMBOOL COLLEGE,WARRNAMBOOL,50,25,0,261,92,25,74,95,7,91.0,88.0,29.0,4.8
548,2017,INDEPENDENT,WAVERLEY CHRISTIAN COLLEGE,WANTIRNA SOUTH,52,17,0,260,38,4,93,99,16,82.0,86.0,33.0,11.8
549,2017,GOVERNMENT,WEDDERBURN COLLEGE,WEDDERBURN,24,14,0,30,56,14,71,100,0,63.0,76.0,29.0,4.2
550,2017,GOVERNMENT,WELLINGTON SECONDARY COLLEGE,MULGRAVE,55,25,0,435,53,38,93,100,16,94.0,89.0,30.0,6.1
551,2017,GOVERNMENT,WERRIBEE SECONDARY COLLEGE,WERRIBEE,78,40,1,313,142,81,81,94,14,65.0,92.0,30.0,10.1
553,2017,INDEPENDENT,WESLEY COLLEGE,MELBOURNE,46,9,1,173,38,0,93,100,9,98.0,0.0,33.0,12.1
554,2017,INDEPENDENT,WESLEY COLLEGE GLEN WAVERLEY CAMPUS,GLEN WAVERLEY,32,5,1,117,14,0,97,100,12,100.0,0.0,32.0,7.9
555,2017,GOVERNMENT,WESTALL SECONDARY COLLEGE,CLAYTON SOUTH,28,12,0,97,34,52,84,100,5,85.0,93.0,28.0,5.1
557,2017,GOVERNMENT,WESTERN HEIGHTS SECONDARY COLLEGE,HAMLYN HEIGHTS,47,27,0,153,182,57,39,89,0,56.0,70.0,24.0,1.1
558,2017,GOVERNMENT,WESTERN PORT SECONDARY COLLEGE,HASTINGS,37,21,0,91,74,43,68,96,0,85.0,66.0,25.0,0.5
560,2017,GOVERNMENT,WHEELERS HILL SECONDARY COLLEGE,WHEELERS HILL,36,10,0,102,19,0,81,97,2,80.0,0.0,27.0,4.8
561,2017,CATHOLIC,WHITEFRIARS COLLEGE,DONVALE,50,21,0,289,104,37,92,100,12,93.0,100.0,30.0,5.9
562,2017,GOVERNMENT,WHITTLESEA SECONDARY COLLEGE,WHITTLESEA,35,26,0,137,213,68,71,93,0,74.0,81.0,27.0,2.3
564,2017,GOVERNMENT,WILLIAM RUTHVEN SECONDARY COLLEGE,RESERVOIR,24,12,0,82,30,9,86,84,1,65.0,65.0,25.0,1.1
567,2017,GOVERNMENT,WODONGA SENIOR SECONDARY COLLEGE,WODONGA,68,45,0,417,572,259,49,95,1,95.0,66.0,25.0,1.8
568,2017,GOVERNMENT,WONTHAGGI SECONDARY COLLEGE (MCBRIDE CAMPUS),WONTHAGGI,39,31,0,173,231,64,75,99,3,78.0,81.0,28.0,4.0
569,2017,INDEPENDENT,WOODLEIGH SCHOOL,LANGWARRIN SOUTH,50,26,0,157,40,0,95,100,8,97.0,0.0,33.0,14.8
571,2017,GOVERNMENT,WYNDHAM CENTRAL SECONDARY COLLEGE,WERRIBEE,37,23,0,107,79,30,75,89,0,65.0,94.0,27.0,2.1
575,2017,INDEPENDENT,YARRA VALLEY GRAMMAR SCHOOL,RINGWOOD,42,7,0,300,29,0,91,99,16,95.0,0.0,34.0,20.1
576,2017,GOVERNMENT,YARRAM SECONDARY COLLEGE,YARRAM,29,11,0,69,53,20,51,92,1,78.0,98.0,24.0,0.6
577,2017,GOVERNMENT,YARRAWONGA COLLEGE P-12 - PINNIGER STREET CAMPUS,YARRAWONGA,26,17,0,68,78,29,70,81,0,98.0,75.0,28.0,4.3
578,2017,GOVERNMENT,YEA HIGH SCHOOL,YEA,39,17,0,82,53,34,73,100,0,81.0,100.0,28.0,4.5
579,2017,INDEPENDENT,YESHIVAH COLLEGE,ST KILDA EAST,16,6,0,43,54,10,83,100,0,90.0,100.0,37.0,20.6
580,2017,INDEPENDENT,YESODEI HATORAH COLLEGE - BILLILLA CAMPUS,BRIGHTON,12,5,0,21,32,0,62,100,1,100.0,0.0,34.0,37.9
0,2016,CATHOLIC,ACADEMY OF MARY IMMACULATE,FITZROY,41,11,0,138,28,0,95,100,8,94.0,0.0,30.0,6.2
3,2016,INDEPENDENT,AITKEN COLLEGE,GREENVALE,45,22,0,161,134,24,93,99,1,89.0,100.0,31.0,7.7
4,2016,INDEPENDENT,AL SIRAAT COLLEGE,EPPING,14,1,0,28,24,0,80,100,0,92.0,0.0,28.0,0.0
5,2016,INDEPENDENT,AL-TAQWA COLLEGE,TRUGANINA,28,7,0,192,30,20,96,100,1,99.0,88.0,28.0,2.3
6,2016,GOVERNMENT,ALBERT PARK COLLEGE,ALBERT PARK,51,17,0,230,36,0,78,99,13,77.0,0.0,31.0,9.2
8,2016,GOVERNMENT,ALEXANDRA SECONDARY COLLEGE,ALEXANDRA,18,6,0,59,59,12,71,88,1,86.0,67.0,26.0,2.7
9,2016,INDEPENDENT,ALIA COLLEGE,HAWTHORN EAST,20,2,0,21,0,0,77,89,0,0.0,0.0,27.0,4.5
10,2016,GOVERNMENT,ALKIRA SECONDARY COLLEGE,CRANBOURNE NORTH,66,33,0,235,117,46,69,96,4,73.0,94.0,27.0,1.3
11,2016,INDEPENDENT,ALPHINGTON GRAMMAR SCHOOL,ALPHINGTON,24,1,0,117,0,0,92,100,4,0.0,0.0,31.0,9.8
12,2016,CATHOLIC,ANTONINE COLLEGE,PASCOE VALE SOUTH,24,12,0,79,35,0,96,100,1,100.0,0.0,27.0,4.4
13,2016,GOVERNMENT,APOLLO BAY P-12 COLLEGE,APOLLO BAY,18,3,0,23,16,5,71,93,0,100.0,100.0,32.0,6.3
14,2016,CATHOLIC,AQUINAS COLLEGE,RINGWOOD,52,26,0,325,347,45,85,100,4,99.0,97.0,31.0,6.0
15,2016,GOVERNMENT,ARARAT SECONDARY COLLEGE,ARARAT,24,10,0,50,48,33,81,95,0,61.0,65.0,25.0,0.0
16,2016,GOVERNMENT,ASHWOOD HIGH SCHOOL,ASHWOOD,45,19,0,91,34,25,88,100,2,64.0,67.0,28.0,4.7
17,2016,CATHOLIC,ASSUMPTION COLLEGE,KILMORE,73,53,0,350,346,47,82,100,4,96.0,98.0,29.0,3.4
18,2016,GOVERNMENT,AUBURN HIGH SCHOOL,HAWTHORN EAST,20,4,0,51,4,0,78,89,3,97.0,0.0,27.0,3.0
19,2016,INDEPENDENT,AUSTRALIAN INTERNATIONAL ACADEMY OF EDUCATION,COBURG,16,0,1,35,0,0,100,100,0,0.0,0.0,27.0,0.6
20,2016,CATHOLIC,AVE MARIA COLLEGE,ABERFELDIE,32,10,0,229,141,0,95,100,6,90.0,0.0,31.0,5.4
21,2016,CATHOLIC,AVILA COLLEGE,MOUNT WAVERLEY,46,10,0,265,22,20,96,100,22,100.0,100.0,32.0,10.0
22,2016,GOVERNMENT,BACCHUS MARSH COLLEGE,BACCHUS MARSH,57,34,0,143,148,55,59,96,0,65.0,81.0,26.0,0.8
23,2016,INDEPENDENT,BACCHUS MARSH GRAMMAR,BACCHUS MARSH,41,10,0,227,62,6,95,100,3,98.0,100.0,31.0,8.9
24,2016,GOVERNMENT,BAIMBRIDGE COLLEGE HAMILTON,HAMILTON,33,15,0,80,87,39,75,92,0,89.0,70.0,25.0,2.0
25,2016,GOVERNMENT,BAIRNSDALE SECONDARY COLLEGE,BAIRNSDALE,57,25,0,201,126,82,73,95,0,70.0,79.0,26.0,2.1
26,2016,INDEPENDENT,BALCOMBE GRAMMAR SCHOOL,MOUNT MARTHA,31,10,0,92,11,0,88,100,4,100.0,0.0,31.0,10.2
27,2016,INDEPENDENT,BALLARAT CHRISTIAN COLLEGE,SEBASTOPOL,25,20,0,52,91,11,40,100,0,68.0,100.0,28.0,0.0
28,2016,INDEPENDENT,BALLARAT CLARENDON COLLEGE,BALLARAT,41,14,0,225,45,0,96,100,6,88.0,0.0,37.0,30.0
29,2016,INDEPENDENT,BALLARAT GRAMMAR,WENDOUREE,50,19,0,297,75,5,85,100,11,95.0,26.0,32.0,9.4
30,2016,GOVERNMENT,BALLARAT HIGH SCHOOL,BALLARAT,58,29,0,312,245,63,64,97,3,95.0,85.0,28.0,3.6
31,2016,GOVERNMENT,BALLARAT SECONDARY COLLEGE,BALLARAT,58,38,0,113,122,92,65,88,0,88.0,68.0,27.0,2.2
33,2016,GOVERNMENT,BALWYN HIGH SCHOOL,BALWYN NORTH,46,1,0,602,0,0,92,100,69,0.0,0.0,34.0,22.0
35,2016,GOVERNMENT,BAYSIDE P-12 COLLEGE - PAISLEY CAMPUS,NEWPORT,48,21,0,146,119,56,67,96,0,86.0,88.0,30.0,3.9
36,2016,GOVERNMENT,BAYSWATER SECONDARY COLLEGE,BAYSWATER,21,13,0,41,22,18,56,94,0,75.0,100.0,21.0,1.2
37,2016,INDEPENDENT,BAYVIEW COLLEGE,PORTLAND,32,8,0,62,10,7,78,97,2,81.0,88.0,28.0,1.7
38,2016,INDEPENDENT,BEACONHILLS COLLEGE - BERWICK,BERWICK,40,6,0,215,10,0,83,100,9,98.0,0.0,32.0,6.7
39,2016,INDEPENDENT,BEACONHILLS COLLEGE - PAKENHAM,PAKENHAM,37,1,0,212,0,0,88,100,5,0.0,0.0,31.0,7.6
40,2016,GOVERNMENT,BEAUFORT SECONDARY COLLEGE,BEAUFORT,28,18,0,32,38,23,42,86,0,83.0,79.0,26.0,1.6
41,2016,GOVERNMENT,BEECHWORTH SECONDARY COLLEGE,BEECHWORTH,21,7,0,58,29,12,52,100,0,73.0,66.0,25.0,2.0
42,2016,INDEPENDENT,BELGRAVE HEIGHTS CHRISTIAN SCHOOL,BELGRAVE HEIGHTS,21,3,0,89,35,0,83,98,2,97.0,0.0,30.0,4.1
43,2016,GOVERNMENT,BELLARINE SECONDARY COLLEGE,DRYSDALE,57,38,0,185,502,78,71,97,3,87.0,68.0,26.0,2.2
44,2016,GOVERNMENT,BELMONT HIGH SCHOOL,BELMONT,73,35,0,339,241,51,71,98,9,92.0,81.0,30.0,6.0
45,2016,GOVERNMENT,BENALLA P-12 COLLEGE,BENALLA,39,32,0,101,114,27,68,88,0,78.0,87.0,24.0,0.8
46,2016,GOVERNMENT,BENDIGO SENIOR SECONDARY COLLEGE,BENDIGO,79,40,0,1153,617,285,62,97,6,81.0,81.0,27.0,2.1
48,2016,GOVERNMENT,BENTLEIGH SECONDARY COLLEGE,BENTLEIGH EAST,39,2,0,251,14,0,84,100,3,83.0,0.0,28.0,2.4
50,2016,INDEPENDENT,BERWICK GRAMMAR SCHOOL,OFFICER,25,5,0,61,5,0,100,100,1,98.0,0.0,32.0,8.6
51,2016,GOVERNMENT,BERWICK SECONDARY COLLEGE,BERWICK,59,33,0,368,226,115,82,99,4,100.0,96.0,29.0,3.8
52,2016,INDEPENDENT,BETH RIVKAH LADIES COLLEGE,ST KILDA EAST,29,8,0,86,61,0,89,100,4,97.0,0.0,36.0,28.9
53,2016,INDEPENDENT,BIALIK COLLEGE,HAWTHORN EAST,31,13,0,140,74,0,98,100,6,99.0,0.0,39.0,44.2
54,2016,INDEPENDENT,BILLANOOK COLLEGE,MOOROOLBARK,41,11,0,182,51,0,85,99,5,92.0,0.0,31.0,9.6
55,2016,GOVERNMENT,BIRCHIP P-12 SCHOOL,BIRCHIP,21,10,0,34,25,4,88,100,0,100.0,93.0,31.0,13.4
56,2016,GOVERNMENT,BLACKBURN HIGH SCHOOL,BLACKBURN,46,10,0,211,15,0,80,96,9,68.0,0.0,29.0,6.0
57,2016,GOVERNMENT,BOORT DISTRICT P-12 SCHOOL,BOORT,19,7,0,30,10,6,88,100,0,79.0,68.0,30.0,4.2
58,2016,GOVERNMENT,BORONIA K-12 COLLEGE,BORONIA,23,19,0,39,45,43,50,100,0,79.0,77.0,26.0,0.0
59,2016,GOVERNMENT,BOX HILL HIGH SCHOOL,BOX HILL,55,20,0,350,53,0,93,98,28,94.0,0.0,33.0,19.0
61,2016,GOVERNMENT,BOX HILL SENIOR SECONDARY COLLEGE,MONT ALBERT NORTH,47,21,0,250,192,14,64,98,0,87.0,87.0,25.0,0.5
63,2016,GOVERNMENT,BRAUER COLLEGE,WARRNAMBOOL,39,20,0,176,107,35,67,99,0,87.0,87.0,29.0,3.7
64,2016,GOVERNMENT,BRAYBROOK COLLEGE,BRAYBROOK,40,13,0,237,259,81,99,100,5,85.0,92.0,31.0,7.3
65,2016,GOVERNMENT,BRENTWOOD SECONDARY COLLEGE,GLEN WAVERLEY,55,10,0,408,26,0,99,100,27,58.0,0.0,30.0,7.0
66,2016,GOVERNMENT,BRIGHT P-12 COLLEGE,BRIGHT,29,13,0,40,36,19,85,90,0,87.0,53.0,29.0,2.2
67,2016,INDEPENDENT,BRIGHTON GRAMMAR SCHOOL,BRIGHTON,35,3,0,217,7,0,98,100,29,100.0,0.0,34.0,22.3
68,2016,GOVERNMENT,BRIGHTON SECONDARY COLLEGE,BRIGHTON EAST,47,15,0,316,70,0,78,96,17,86.0,0.0,30.0,6.2
69,2016,GOVERNMENT,BROADFORD SECONDARY COLLEGE,BROADFORD,36,21,0,116,97,30,56,94,0,90.0,93.0,25.0,0.5
70,2016,GOVERNMENT,BRUNSWICK SECONDARY COLLEGE,BRUNSWICK,44,25,0,140,49,53,87,99,3,88.0,80.0,29.0,4.3
71,2016,GOVERNMENT,BUCKLEY PARK COLLEGE,ESSENDON,47,16,0,205,30,28,90,98,11,100.0,83.0,30.0,7.1
72,2016,GOVERNMENT,BUNDOORA SECONDARY COLLEGE,BUNDOORA,38,27,0,93,89,29,87,96,0,68.0,58.0,21.0,0.0
73,2016,INDEPENDENT,CAMBERWELL ANGLICAN GIRLS GRAMMAR SCHOOL,CANTERBURY,32,2,0,181,0,0,100,100,51,0.0,0.0,35.0,17.7
74,2016,INDEPENDENT,CAMBERWELL GRAMMAR SCHOOL,CANTERBURY,40,10,0,310,28,0,97,100,71,94.0,0.0,35.0,24.0
75,2016,GOVERNMENT,CAMBERWELL HIGH SCHOOL,CANTERBURY,60,22,0,316,70,17,94,99,19,95.0,79.0,31.0,7.3
78,2016,GOVERNMENT,CANTERBURY GIRLS SECONDARY COLLEGE,CANTERBURY,50,12,0,294,25,0,96,99,24,93.0,0.0,32.0,15.8
80,2016,CATHOLIC,CAROLINE CHISHOLM CATHOLIC COLLEGE,BRAYBROOK,61,29,0,290,162,56,90,99,5,88.0,90.0,30.0,4.4
81,2016,GOVERNMENT,CARRUM DOWNS SECONDARY COLLEGE,CARRUM DOWNS,40,32,0,182,187,113,77,94,0,86.0,73.0,24.0,0.4
82,2016,GOVERNMENT,CARWATHA COLLEGE P-12,NOBLE PARK NORTH,39,22,0,126,43,32,84,94,4,83.0,89.0,24.0,2.2
83,2016,INDEPENDENT,CASEY GRAMMAR SCHOOL,CRANBOURNE,29,3,0,128,4,0,86,100,2,100.0,0.0,29.0,4.5
84,2016,GOVERNMENT,CASTERTON SECONDARY COLLEGE,CASTERTON,22,14,0,26,18,26,77,89,0,99.0,95.0,29.0,0.0
85,2016,GOVERNMENT,CASTLEMAINE SECONDARY COLLEGE,CASTLEMAINE,40,14,0,170,146,29,74,99,3,62.0,80.0,28.0,5.7
86,2016,INDEPENDENT,CATHEDRAL COLLEGE,WANGARATTA,23,3,0,36,4,0,91,100,1,88.0,0.0,28.0,3.2
87,2016,CATHOLIC,CATHOLIC COLLEGE BENDIGO,BENDIGO,54,18,0,459,195,67,87,99,5,91.0,97.0,29.0,4.7
88,2016,CATHOLIC,CATHOLIC COLLEGE SALE,SALE,45,17,0,232,139,42,84,100,0,94.0,99.0,31.0,12.1
89,2016,CATHOLIC,CATHOLIC COLLEGE WODONGA,WODONGA,36,10,0,238,205,32,61,99,2,96.0,97.0,29.0,4.9
90,2016,CATHOLIC,CATHOLIC LADIES COLLEGE,ELTHAM,51,20,0,189,92,24,96,100,20,99.0,89.0,32.0,10.6
91,2016,CATHOLIC,CATHOLIC REGIONAL COLLEGE MELTON,MELTON WEST,44,23,0,189,108,29,87,98,1,98.0,99.0,28.0,3.4
92,2016,CATHOLIC,CATHOLIC REGIONAL COLLEGE SYDENHAM,SYDENHAM,72,44,0,636,671,157,89,99,4,88.0,85.0,30.0,4.3
94,2016,INDEPENDENT,CAULFIELD GRAMMAR SCHOOL - CAULFIELD CAMPUS,ST KILDA EAST,48,11,0,408,299,0,96,100,30,100.0,0.0,35.0,26.3
97,2016,INDEPENDENT,CHAIRO CHRISTIAN SCHOOL,DROUIN,44,16,0,172,51,0,75,98,0,85.0,0.0,29.0,4.3
101,2016,GOVERNMENT,CHELTENHAM SECONDARY COLLEGE,CHELTENHAM,65,32,0,245,126,20,82,98,5,92.0,94.0,30.0,5.1
104,2016,CATHOLIC,CHRISTIAN BROTHERS' COLLEGE ST KILDA,ST KILDA EAST,39,19,0,106,30,21,84,99,3,96.0,86.0,29.0,2.6
107,2016,CATHOLIC,CLONARD COLLEGE,GEELONG WEST,45,21,0,160,60,27,87,98,6,90.0,92.0,30.0,4.6
108,2016,GOVERNMENT,COBDEN TECHNICAL SCHOOL,COBDEN,27,18,0,60,47,34,63,100,0,95.0,90.0,20.0,0.0
110,2016,GOVERNMENT,COBRAM SECONDARY COLLEGE,COBRAM,39,22,0,84,35,20,87,98,1,87.0,81.0,28.0,0.5
111,2016,GOVERNMENT,COBURG HIGH SCHOOL,COBURG,22,0,0,31,0,0,66,100,1,0.0,0.0,29.0,3.4
112,2016,GOVERNMENT,COHUNA SECONDARY COLLEGE,COHUNA,30,14,0,58,20,8,85,100,0,94.0,100.0,28.0,2.1
113,2016,GOVERNMENT,COLAC SECONDARY COLLEGE,COLAC,41,13,0,102,27,20,47,89,0,69.0,65.0,24.0,1.5
115,2016,GOVERNMENT,COPPERFIELD COLLEGE,DELAHEY,71,31,0,404,344,159,92,99,3,88.0,85.0,29.0,3.2
116,2016,INDEPENDENT,CORNISH COLLEGE,BANGHOLME,27,11,0,42,21,0,100,100,1,100.0,0.0,29.0,3.6
117,2016,GOVERNMENT,CORRYONG COLLEGE,CORRYONG,25,7,0,32,36,8,77,100,3,75.0,54.0,32.0,11.0
118,2016,INDEPENDENT,COVENANT COLLEGE,BELL POST HILL,29,15,0,68,21,14,64,100,0,81.0,87.0,28.0,5.4
119,2016,GOVERNMENT,CRAIGIEBURN SECONDARY COLLEGE,CRAIGIEBURN,30,13,0,166,229,52,83,98,0,80.0,69.0,24.0,1.8
120,2016,GOVERNMENT,CRANBOURNE EAST SECONDARY COLLEGE,CRANBOURNE EAST,49,24,0,168,94,77,88,97,2,89.0,75.0,27.0,0.7
121,2016,GOVERNMENT,CRANBOURNE SECONDARY COLLEGE,CRANBOURNE,52,38,0,307,312,230,79,95,1,90.0,83.0,27.0,2.7
123,2016,CATHOLIC,DAMASCUS COLLEGE,MOUNT CLEAR,45,29,0,208,103,36,68,100,4,92.0,88.0,28.0,3.0
124,2016,GOVERNMENT,DANDENONG HIGH SCHOOL,DANDENONG,70,35,0,381,261,104,88,96,5,87.0,80.0,24.0,0.8
126,2016,GOVERNMENT,DAYLESFORD SECONDARY COLLEGE,DAYLESFORD,33,12,0,92,59,17,73,88,1,93.0,100.0,26.0,4.3
127,2016,CATHOLIC,DE LA SALLE COLLEGE,MALVERN,43,17,0,226,118,20,92,99,9,91.0,100.0,29.0,5.3
129,2016,GOVERNMENT,DIAMOND VALLEY COLLEGE,DIAMOND CREEK,46,29,0,163,136,34,89,99,1,100.0,100.0,28.0,2.7
132,2016,GOVERNMENT,DISTANCE EDUCATION CENTRE VICTORIA,THORNBURY,70,24,0,366,51,24,36,86,1,75.0,58.0,27.0,3.4
135,2016,GOVERNMENT,DONALD HIGH SCHOOL,DONALD,23,12,0,34,28,14,100,100,0,73.0,83.0,31.0,2.7
138,2016,GOVERNMENT,DROMANA SECONDARY COLLEGE,DROMANA,45,32,0,254,303,223,75,100,5,91.0,97.0,31.0,4.8
139,2016,GOVERNMENT,DROUIN SECONDARY COLLEGE,DROUIN,51,30,0,154,172,99,78,100,1,99.0,93.0,27.0,1.6
140,2016,GOVERNMENT,EAST DONCASTER SECONDARY COLLEGE,DONCASTER EAST,65,28,0,373,73,18,94,98,41,98.0,100.0,32.0,11.6
142,2016,INDEPENDENT,EAST PRESTON ISLAMIC COLLEGE,EAST PRESTON,15,11,0,27,51,9,100,100,1,98.0,87.0,28.0,2.9
143,2016,GOVERNMENT,ECHUCA COLLEGE,ECHUCA,38,15,0,139,190,25,55,99,1,90.0,91.0,25.0,1.7
144,2016,GOVERNMENT,EDENHOPE COLLEGE,EDENHOPE,25,10,0,36,36,19,100,100,0,83.0,76.0,28.0,4.6
145,2016,INDEPENDENT,EDINBURGH COLLEGE,LILYDALE,18,8,0,30,48,0,79,100,0,30.0,0.0,28.0,0.8
147,2016,GOVERNMENT,ELISABETH MURDOCH COLLEGE,LANGWARRIN,67,51,0,299,374,144,58,99,0,90.0,86.0,28.0,5.1
148,2016,INDEPENDENT,ELTHAM COLLEGE,RESEARCH,50,18,0,162,100,0,96,100,5,97.0,0.0,31.0,10.8
150,2016,GOVERNMENT,ELWOOD COLLEGE,ELWOOD,42,14,0,106,16,0,73,93,7,86.0,0.0,29.0,6.4
151,2016,GOVERNMENT,EMERALD SECONDARY COLLEGE,EMERALD,53,33,0,169,82,56,82,99,0,84.0,90.0,28.0,2.7
152,2016,CATHOLIC,EMMANUEL COLLEGE,ALTONA NORTH,61,33,0,383,173,65,89,100,8,93.0,98.0,28.0,3.1
153,2016,CATHOLIC,EMMANUEL COLLEGE,WARRNAMBOOL,44,26,0,288,126,36,72,97,8,89.0,93.0,29.0,4.7
154,2016,CATHOLIC,EMMAUS COLLEGE,VERMONT SOUTH,47,17,0,291,38,9,90,100,9,96.0,97.0,31.0,7.0
155,2016,GOVERNMENT,EPPING SECONDARY COLLEGE,EPPING,50,32,0,183,117,101,83,95,3,94.0,92.0,27.0,2.9
156,2016,GOVERNMENT,ESSENDON KEILOR COLLEGE,ESSENDON,49,21,0,250,150,26,89,94,12,63.0,79.0,23.0,1.9
157,2016,GOVERNMENT,EUROA SECONDARY COLLEGE,EUROA,37,30,0,104,122,28,71,100,1,93.0,84.0,25.0,5.5
158,2016,CATHOLIC,F.C.J. COLLEGE,BENALLA,26,13,0,68,56,11,58,97,0,91.0,90.0,29.0,4.0
159,2016,GOVERNMENT,FAIRHILLS HIGH SCHOOL,KNOXFIELD,66,40,0,213,234,107,73,96,1,84.0,73.0,26.0,2.3
162,2016,INDEPENDENT,FINTONA GIRLS SCHOOL,BALWYN,32,1,0,105,0,0,98,100,26,0.0,0.0,35.0,24.8
165,2016,INDEPENDENT,FLINDERS CHRISTIAN COMMUNITY COLLEGE,TYABB,44,24,0,127,62,14,82,99,3,98.0,100.0,31.0,8.4
166,2016,INDEPENDENT,FLINDERS CHRISTIAN COMMUNITY COLLEGE - CARRUM DOWNS CAMPUS,CARRUM DOWNS,42,25,0,117,37,16,94,98,2,99.0,96.0,32.0,6.4
167,2016,INDEPENDENT,FLINDERS CHRISTIAN COMMUNITY COLLEGE - LATROBE CITY CAMP,TRARALGON,18,8,0,32,10,5,100,100,0,81.0,95.0,28.0,3.5
168,2016,GOVERNMENT,FOOTSCRAY CITY COLLEGE,FOOTSCRAY,42,10,0,180,98,57,78,98,6,79.0,89.0,28.0,5.3
169,2016,GOVERNMENT,FOREST HILL COLLEGE,BURWOOD EAST,42,14,0,179,55,0,91,96,3,95.0,0.0,24.0,0.7
170,2016,GOVERNMENT,FOUNTAIN GATE SECONDARY COLLEGE,FOUNTAIN GATE,39,22,0,133,78,0,71,96,0,94.0,0.0,27.0,3.6
171,2016,GOVERNMENT,FRANKSTON HIGH SCHOOL - VCE CAMPUS,FRANKSTON,65,28,0,486,152,0,80,99,22,97.0,0.0,31.0,9.0
172,2016,CATHOLIC,GALEN COLLEGE,WANGARATTA,48,25,0,234,166,39,82,100,1,82.0,81.0,30.0,5.0
174,2016,INDEPENDENT,GEELONG GRAMMAR SCHOOL,CORIO,36,2,1,230,7,0,87,100,8,80.0,0.0,32.0,7.3
175,2016,GOVERNMENT,GEELONG HIGH SCHOOL,EAST GEELONG,50,33,0,215,93,12,57,96,3,98.0,95.0,24.0,1.3
176,2016,INDEPENDENT,GEELONG LUTHERAN COLLEGE,ARMSTRONG CREEK,33,20,0,46,37,9,88,100,1,99.0,100.0,30.0,3.8
177,2016,CATHOLIC,GENAZZANO F.C.J. COLLEGE,KEW,39,6,0,259,7,0,99,100,27,100.0,0.0,35.0,22.6
178,2016,GOVERNMENT,GILMORE COLLEGE FOR GIRLS,FOOTSCRAY,20,1,0,45,0,0,93,97,4,0.0,0.0,26.0,2.3
179,2016,INDEPENDENT,GILSON COLLEGE,TAYLORS HILL,32,9,0,95,63,0,81,99,4,84.0,0.0,29.0,6.8
180,2016,INDEPENDENT,GIPPSLAND GRAMMAR - SENIOR,SALE,37,10,0,175,49,12,92,100,12,97.0,100.0,31.0,8.3
181,2016,INDEPENDENT,GIRTON GRAMMAR SCHOOL,BENDIGO,45,4,0,218,22,0,98,100,10,98.0,0.0,34.0,20.1
182,2016,GOVERNMENT,GISBORNE SECONDARY COLLEGE,GISBORNE,57,25,0,258,145,40,65,97,3,71.0,84.0,25.0,3.2
183,2016,GOVERNMENT,GLADSTONE PARK SECONDARY COLLEGE,GLADSTONE PARK,46,21,0,320,80,69,95,99,9,90.0,98.0,29.0,5.0
184,2016,GOVERNMENT,GLEN EIRA COLLEGE,CAULFIELD EAST,30,15,0,86,23,0,88,100,2,100.0,0.0,29.0,3.2
185,2016,GOVERNMENT,GLEN WAVERLEY SECONDARY COLLEGE,GLEN WAVERLEY,66,21,0,643,79,0,94,100,101,96.0,0.0,33.0,15.2
186,2016,GOVERNMENT,GLENEAGLES SECONDARY COLLEGE,ENDEAVOUR HILLS,48,14,0,197,21,0,90,98,3,99.0,0.0,29.0,4.4
188,2016,GOVERNMENT,GLENROY SECONDARY COLLEGE,GLENROY,37,17,0,76,48,58,67,83,0,64.0,72.0,26.0,0.0
189,2016,INDEPENDENT,GLENVALE SCHOOL,BROADMEADOWS,15,3,0,107,157,0,0,96,0,99.0,0.0,33.0,12.3
200,2016,INDEPENDENT,HAILEYBURY GIRLS COLLEGE,KEYSBOROUGH,51,8,0,318,27,0,96,100,47,100.0,0.0,36.0,30.0
201,2016,GOVERNMENT,HALLAM SENIOR SECONDARY COLLEGE,HALLAM,54,29,0,337,522,261,70,94,0,98.0,90.0,21.0,0.1
202,2016,GOVERNMENT,HAMPTON PARK SECONDARY COLLEGE,HAMPTON PARK,41,29,0,213,92,82,74,95,5,93.0,77.0,25.0,1.9
203,2016,GOVERNMENT,HAWKESDALE COLLEGE,HAWKESDALE,23,12,0,30,23,9,85,100,0,91.0,100.0,28.0,4.5
204,2016,GOVERNMENT,HEALESVILLE HIGH SCHOOL,HEALESVILLE,28,21,0,68,62,36,63,97,0,70.0,91.0,27.0,5.4
205,2016,INDEPENDENT,HEATHDALE CHRISTIAN COLLEGE WERRIBEE CAMPUS,WERRIBEE,46,12,0,103,134,8,93,100,4,97.0,100.0,29.0,9.9
206,2016,INDEPENDENT,HEATHERTON CHRISTIAN COLLEGE,CLARINDA,26,6,0,44,38,0,93,100,1,96.0,0.0,30.0,6.4
207,2016,GOVERNMENT,HEATHMONT COLLEGE,HEATHMONT,36,18,0,78,27,32,82,92,0,99.0,80.0,27.0,3.1
208,2016,INDEPENDENT,HERITAGE COLLEGE - OFFICER CAMPUS,OFFICER,16,10,0,39,14,8,66,100,0,90.0,98.0,23.0,0.0
209,2016,GOVERNMENT,HEYWOOD AND DISTRICT SECONDARY COLLEGE,HEYWOOD,20,15,0,34,23,23,69,100,0,92.0,77.0,26.0,1.4
210,2016,GOVERNMENT,HIGHVALE SECONDARY COLLEGE,GLEN WAVERLEY,38,8,0,211,7,0,89,99,14,100.0,0.0,31.0,7.0
211,2016,INDEPENDENT,HIGHVIEW CHRISTIAN COMMUNITY COLLEGE,MARYBOROUGH,33,11,0,91,86,0,82,100,0,98.0,0.0,27.0,5.1
212,2016,INDEPENDENT,HILLCREST CHRISTIAN COLLEGE - AYR HILL CAMPUS,CLYDE NORTH,40,9,0,153,30,0,92,100,2,95.0,0.0,28.0,3.7
216,2016,GOVERNMENT,HOPETOUN P-12 COLLEGE,HOPETOUN,19,11,0,21,11,6,88,100,0,100.0,93.0,27.0,0.0
217,2016,GOVERNMENT,HOPPERS CROSSING SECONDARY COLLEGE,HOPPERS CROSSING,49,26,0,203,161,50,75,96,0,79.0,94.0,29.0,2.8
223,2016,INDEPENDENT,ILIM COLLEGE OF AUSTRALIA,BROADMEADOWS,26,7,0,96,10,12,92,100,6,100.0,74.0,29.0,7.3
224,2016,INDEPENDENT,IVANHOE GIRLS' GRAMMAR SCHOOL,IVANHOE,44,8,0,273,103,0,100,100,22,70.0,0.0,34.0,18.4
225,2016,INDEPENDENT,IVANHOE GRAMMAR SCHOOL,IVANHOE,33,2,1,275,50,0,90,100,14,100.0,0.0,33.0,12.3
226,2016,INDEPENDENT,IVANHOE GRAMMAR SCHOOL - PLENTY CAMPUS,MERNDA,30,4,0,100,6,0,95,100,7,100.0,0.0,33.0,12.0
227,2016,GOVERNMENT,JOHN FAWKNER COLLEGE,FAWKNER,21,7,0,58,151,70,85,100,0,86.0,72.0,26.0,0.8
228,2016,SELECTIVE,JOHN MONASH SCIENCE SCHOOL,CLAYTON,45,7,0,398,9,0,99,100,40,100.0,0.0,34.0,15.6
229,2016,CATHOLIC,JOHN PAUL COLLEGE,FRANKSTON,41,24,0,256,56,27,86,100,2,84.0,96.0,27.0,2.0
230,2016,GOVERNMENT,KAMBRYA COLLEGE,BERWICK,64,32,0,227,198,128,75,100,5,93.0,91.0,29.0,2.2
232,2016,GOVERNMENT,KANIVA P-12 COLLEGE,KANIVA,24,10,0,25,16,25,50,100,0,81.0,69.0,31.0,9.8
233,2016,INDEPENDENT,KARDINIA INTERNATIONAL COLLEGE,BELL POST HILL,45,18,1,306,31,0,93,100,12,100.0,0.0,32.0,10.5
235,2016,GOVERNMENT,KEILOR DOWNS COLLEGE,KEILOR DOWNS,55,30,0,209,154,82,91,98,12,86.0,86.0,29.0,3.8
238,2016,GOVERNMENT,KERANG TECHNICAL HIGH SCHOOL,KERANG,32,10,0,59,44,0,48,97,0,94.0,0.0,27.0,1.4
239,2016,GOVERNMENT,KEW HIGH SCHOOL,KEW EAST,46,16,0,286,71,0,95,100,21,100.0,0.0,32.0,10.9
242,2016,CATHOLIC,KILBREDA COLLEGE,MENTONE,44,13,0,268,74,25,92,100,11,99.0,100.0,31.0,5.9
243,2016,CATHOLIC,KILLESTER COLLEGE,SPRINGVALE,36,16,0,206,109,19,92,98,15,98.0,89.0,30.0,5.3
244,2016,INDEPENDENT,KILVINGTON GRAMMAR SCHOOL,ORMOND,39,6,0,122,8,0,100,100,7,100.0,0.0,35.0,25.6
245,2016,INDEPENDENT,KINGS COLLEGE,WARRNAMBOOL,24,6,0,29,5,0,70,100,1,98.0,0.0,30.0,5.1
246,2016,INDEPENDENT,KINGSWOOD COLLEGE,BOX HILL,34,15,0,103,94,0,88,100,2,100.0,0.0,32.0,18.0
247,2016,CATHOLIC,KOLBE CATHOLIC COLLEGE,GREENVALE,46,26,0,147,220,60,100,100,0,84.0,95.0,26.0,0.7
248,2016,GOVERNMENT,KOO WEE RUP SECONDARY COLLEGE,KOO WEE RUP,47,32,0,200,159,90,73,95,0,89.0,90.0,29.0,3.1
249,2016,GOVERNMENT,KOONUNG SECONDARY COLLEGE,MONT ALBERT NORTH,58,26,0,289,46,0,89,98,28,92.0,0.0,31.0,7.5
250,2016,INDEPENDENT,KOROWA ANGLICAN GIRLS' SCHOOL,GLEN IRIS,35,5,0,124,6,0,100,100,31,100.0,0.0,36.0,27.1
251,2016,GOVERNMENT,KORUMBURRA SECONDARY COLLEGE,KORUMBURRA,27,21,0,76,42,32,65,100,0,97.0,63.0,26.0,1.5
252,2016,GOVERNMENT,KURNAI COLLEGE - UNIVERSITY CAMPUS,CHURCHILL,63,37,0,302,244,111,44,89,3,72.0,82.0,26.0,2.3
253,2016,GOVERNMENT,KURUNJANG SECONDARY COLLEGE,MELTON,39,22,0,141,92,72,65,90,0,62.0,77.0,24.0,0.0
254,2016,GOVERNMENT,KYABRAM P-12 COLLEGE,KYABRAM,35,20,0,113,97,45,56,94,0,82.0,91.0,26.0,1.1
255,2016,GOVERNMENT,KYNETON SECONDARY COLLEGE,KYNETON,33,14,0,107,107,41,81,100,2,99.0,94.0,27.0,2.0
256,2016,GOVERNMENT,LAKES ENTRANCE SECONDARY COLLEGE,LAKES ENTRANCE,17,10,0,33,40,13,70,94,0,71.0,94.0,24.0,0.0
257,2016,INDEPENDENT,LAKESIDE LUTHERAN COLLEGE,PAKENHAM,23,2,0,31,0,0,90,100,1,0.0,0.0,25.0,2.7
258,2016,GOVERNMENT,LAKEVIEW SENIOR COLLEGE,CAROLINE SPRINGS,63,26,0,478,254,91,93,100,2,88.0,94.0,29.0,5.3
259,2016,GOVERNMENT,LALOR NORTH SECONDARY COLLEGE,EPPING,41,20,0,89,117,31,75,98,0,92.0,81.0,25.0,0.8
261,2016,GOVERNMENT,LARA SECONDARY COLLEGE,LARA,43,24,0,118,90,56,75,99,1,65.0,83.0,26.0,0.6
262,2016,INDEPENDENT,LAURISTON GIRLS SCHOOL,ARMADALE,28,2,1,108,0,0,97,100,11,0.0,0.0,36.0,24.7
263,2016,CATHOLIC,LAVALLA CATHOLIC COLLEGE,TRARALGON,53,37,0,251,248,54,75,100,1,95.0,73.0,28.0,3.0
265,2016,GOVERNMENT,LAVERTON P-12 COLLEGE - BLADIN CAMPUS,LAVERTON,31,17,0,64,61,48,87,100,0,88.0,78.0,23.0,0.5
266,2016,INDEPENDENT,LEIBLER YAVNEH COLLEGE,ELSTERNWICK,34,12,0,120,82,0,97,100,3,93.0,0.0,36.0,29.0
267,2016,GOVERNMENT,LEONGATHA SECONDARY COLLEGE,LEONGATHA,35,14,0,110,100,27,86,100,1,67.0,74.0,26.0,1.5
268,2016,INDEPENDENT,LIGHTHOUSE CHRISTIAN COLLEGE,KEYSBOROUGH,19,2,0,36,0,0,76,100,3,0.0,0.0,30.0,5.0
269,2016,INDEPENDENT,LIGHTHOUSE CHRISTIAN COLLEGE CRANBOURNE,CRANBOURNE,16,0,0,89,0,0,80,100,1,0.0,0.0,26.0,3.5
270,2016,GOVERNMENT,LILYDALE HEIGHTS COLLEGE,LILYDALE,35,17,0,86,53,40,94,100,0,82.0,94.0,24.0,1.4
271,2016,GOVERNMENT,LILYDALE HIGH SCHOOL,LILYDALE,57,27,0,456,228,0,62,98,3,87.0,0.0,27.0,2.4
273,2016,CATHOLIC,LORETO COLLEGE,BALLARAT,46,21,0,211,112,28,96,100,6,95.0,92.0,32.0,11.2
274,2016,CATHOLIC,LORETO MANDEVILLE HALL,TOORAK,40,5,0,218,7,0,100,100,29,100.0,0.0,36.0,31.1
275,2016,GOVERNMENT,LORNE-AIREYS INLET P12 COLLEGE,LORNE,17,5,0,21,30,7,100,100,0,84.0,69.0,29.0,8.3
276,2016,GOVERNMENT,LOWANNA COLLEGE,NEWBOROUGH,46,23,0,176,150,95,68,97,1,76.0,68.0,25.0,1.0
278,2016,CATHOLIC,LOYOLA COLLEGE,WATSONIA,58,22,0,260,108,47,86,99,12,94.0,100.0,31.0,7.5
279,2016,INDEPENDENT,LUTHER COLLEGE,CROYDON HILLS,50,25,0,333,76,0,88,100,21,100.0,0.0,33.0,11.4
280,2016,GOVERNMENT,LYNALL HALL COMMUNITY SCHOOL,RICHMOND,15,9,0,39,40,44,55,89,0,42.0,41.0,19.0,0.0
281,2016,GOVERNMENT,LYNDALE SECONDARY COLLEGE,DANDENONG NORTH,55,32,0,220,134,74,93,99,2,96.0,80.0,26.0,1.6
282,2016,GOVERNMENT,LYNDHURST SECONDARY COLLEGE,CRANBOURNE,44,32,0,148,111,154,63,100,0,86.0,82.0,26.0,1.9
283,2016,CATHOLIC,MACKILLOP CATHOLIC REGIONAL COLLEGE WERRIBEE,WERRIBEE,59,34,0,276,195,71,83,97,2,89.0,87.0,30.0,4.6
284,2016,GOVERNMENT,MACLEOD COLLEGE,MACLEOD,35,13,0,99,27,16,96,100,5,86.0,95.0,26.0,0.7
285,2016,SELECTIVE,MACROBERTSON GIRLS HIGH SCHOOL,MELBOURNE,49,12,0,515,28,0,98,100,111,97.0,0.0,38.0,36.1
286,2016,GOVERNMENT,MAFFRA SECONDARY COLLEGE,MAFFRA,28,10,0,109,47,42,90,100,0,96.0,69.0,27.0,4.3
289,2016,GOVERNMENT,MANOR LAKES P-12 COLLEGE,WYNDHAM VALE,49,29,0,166,150,70,65,96,0,86.0,69.0,23.0,0.8
290,2016,GOVERNMENT,MANSFIELD SECONDARY COLLEGE,MANSFIELD,39,29,0,98,100,28,83,100,0,87.0,84.0,28.0,1.6
291,2016,INDEPENDENT,MARANATHA CHRISTIAN SCHOOL,ENDEAVOUR HILLS,35,16,0,130,28,25,88,100,5,89.0,99.0,30.0,6.4
294,2016,CATHOLIC,MARIAN COLLEGE MYRTLEFORD,MYRTLEFORD,29,13,0,57,45,12,50,100,0,93.0,94.0,27.0,1.1
295,2016,CATHOLIC,MARIAN COLLEGE SUNSHINE,SUNSHINE WEST,46,18,0,182,112,58,90,100,3,95.0,98.0,29.0,2.6
296,2016,GOVERNMENT,MARIBYRNONG SECONDARY COLLEGE,MARIBYRNONG,38,3,0,237,69,0,87,98,6,92.0,0.0,29.0,3.6
297,2016,CATHOLIC,MARIST SION COLLEGE,WARRAGUL,34,11,0,178,44,21,73,97,3,81.0,85.0,29.0,3.2
298,2016,CATHOLIC,MARY MACKILLOP CATHOLIC REGIONAL COLLEGE,LEONGATHA,29,11,0,129,124,24,85,96,0,92.0,93.0,30.0,3.7
299,2016,GOVERNMENT,MARYBOROUGH EDUCATION CENTRE,MARYBOROUGH,45,24,0,140,149,49,64,97,0,66.0,45.0,23.0,2.3
300,2016,CATHOLIC,MARYMEDE CATHOLIC COLLEGE,SOUTH MORANG,47,27,0,154,182,34,86,99,3,93.0,100.0,30.0,2.2
301,2016,CATHOLIC,MATER CHRISTI COLLEGE,BELGRAVE,62,24,0,263,142,15,92,100,4,80.0,100.0,31.0,7.9
302,2016,GOVERNMENT,MATTHEW FLINDERS GIRLS' SECONDARY COLLEGE,GEELONG,60,33,0,168,67,42,74,96,4,96.0,81.0,27.0,2.0
303,2016,CATHOLIC,MAZENOD COLLEGE,MULGRAVE,45,20,0,363,179,39,99,99,12,90.0,94.0,32.0,11.5
304,2016,GOVERNMENT,MCCLELLAND SECONDARY COLLEGE,FRANKSTON,54,36,0,133,134,153,64,97,3,69.0,81.0,27.0,1.9
305,2016,GOVERNMENT,MCGUIRE COLLEGE SHEPPARTON,SHEPPARTON,38,19,0,84,54,22,68,97,0,75.0,62.0,23.0,0.0
306,2016,GOVERNMENT,MCKINNON SECONDARY COLLEGE,MCKINNON,54,19,0,491,114,22,94,99,61,95.0,91.0,34.0,17.0
307,2016,GOVERNMENT,MELBA COLLEGE SENIOR CAMPUS,CROYDON,43,23,0,160,72,31,67,98,3,95.0,85.0,26.0,3.2
309,2016,INDEPENDENT,MELBOURNE GIRLS GRAMMAR,SOUTH YARRA,38,5,0,164,7,0,96,100,31,100.0,0.0,36.0,26.4
310,2016,GOVERNMENT,MELBOURNE GIRLS' COLLEGE,RICHMOND,48,10,0,349,19,0,93,99,35,100.0,0.0,34.0,18.6
311,2016,INDEPENDENT,MELBOURNE GRAMMAR SCHOOL,MELBOURNE,37,0,0,369,0,0,98,100,70,0.0,0.0,34.0,22.7
312,2016,SELECTIVE,MELBOURNE HIGH SCHOOL,SOUTH YARRA,55,14,0,690,58,0,97,100,127,99.0,0.0,37.0,31.7
314,2016,INDEPENDENT,MELBOURNE RUDOLF STEINER SCHOOL,WARRANWOOD,19,1,0,48,0,0,93,100,4,0.0,0.0,32.0,11.9
315,2016,INDEPENDENT,MELTON CHRISTIAN COLLEGE,MELTON SOUTH,35,14,0,58,21,13,82,100,2,97.0,78.0,30.0,8.1
316,2016,GOVERNMENT,MELTON SECONDARY COLLEGE,MELTON,55,28,0,155,130,78,68,94,1,59.0,70.0,26.0,0.8
318,2016,GOVERNMENT,MENTONE GIRLS' SECONDARY COLLEGE,MENTONE,45,12,0,290,63,0,95,99,16,94.0,0.0,31.0,7.1
319,2016,INDEPENDENT,MENTONE GRAMMAR SCHOOL,MENTONE,42,9,0,256,37,0,97,100,28,99.0,0.0,34.0,18.2
320,2016,CATHOLIC,MERCY COLLEGE,COBURG,34,12,0,138,31,14,100,100,3,79.0,93.0,28.0,3.5
321,2016,CATHOLIC,MERCY REGIONAL COLLEGE CAMPERDOWN,CAMPERDOWN,40,15,0,151,73,14,79,100,0,86.0,94.0,27.0,0.8
323,2016,INDEPENDENT,METHODIST LADIES COLLEGE,KEW,49,11,1,413,145,0,99,100,53,98.0,0.0,34.0,22.5
324,2016,GOVERNMENT,MILDURA SENIOR COLLEGE,MILDURA,75,47,0,600,420,189,60,95,3,68.0,69.0,28.0,3.4
325,2016,GOVERNMENT,MILL PARK SECONDARY COLLEGE,EPPING,64,32,0,440,278,63,77,94,5,82.0,82.0,25.0,2.1
327,2016,INDEPENDENT,MINARET COLLEGE - OFFICER CAMPUS (SENIOR),OFFICER,4,0,0,22,0,0,0,0,0,0.0,0.0,27.0,0.0
328,2016,GOVERNMENT,MIRBOO NORTH SECONDARY COLLEGE,MIRBOO NORTH,32,21,0,87,40,32,81,97,5,74.0,85.0,30.0,7.8
329,2016,GOVERNMENT,MONBULK COLLEGE,MONBULK,29,20,0,82,68,36,84,98,0,95.0,81.0,28.0,4.5
330,2016,CATHOLIC,MONIVAE COLLEGE,HAMILTON,49,22,0,162,110,19,68,99,1,88.0,92.0,30.0,4.9
331,2016,GOVERNMENT,MONTEREY SECONDARY COLLEGE,FRANKSTON NORTH,21,17,0,37,75,48,66,94,0,57.0,75.0,24.0,0.0
332,2016,GOVERNMENT,MONTMORENCY SECONDARY COLLEGE,MONTMORENCY,39,22,0,142,58,41,88,100,5,98.0,96.0,30.0,8.0
333,2016,GOVERNMENT,MOOROOLBARK COLLEGE,MOOROOLBARK,43,30,0,180,134,76,81,96,1,80.0,70.0,28.0,1.1
334,2016,GOVERNMENT,MOOROOPNA SECONDARY COLLEGE,MOOROOPNA,39,20,0,79,69,37,60,93,0,82.0,77.0,24.0,0.0
335,2016,GOVERNMENT,MORDIALLOC COLLEGE,MORDIALLOC,48,24,0,121,57,27,88,98,4,79.0,83.0,27.0,1.2
336,2016,GOVERNMENT,MORNINGTON SECONDARY COLLEGE,MORNINGTON,49,32,0,314,135,120,69,97,3,83.0,95.0,27.0,2.2
337,2016,GOVERNMENT,MORTLAKE COLLEGE,MORTLAKE,18,9,0,23,15,0,55,100,0,100.0,0.0,35.0,14.3
338,2016,GOVERNMENT,MOUNT ALEXANDER 7-12 COLLEGE,FLEMINGTON,27,12,0,46,19,41,79,96,0,78.0,93.0,23.0,4.2
339,2016,GOVERNMENT,MOUNT BEAUTY SECONDARY COLLEGE,MOUNT BEAUTY,25,11,0,58,51,4,70,96,2,99.0,89.0,31.0,3.6
340,2016,GOVERNMENT,MOUNT CLEAR COLLEGE,MOUNT CLEAR,57,43,0,223,253,43,55,85,3,61.0,85.0,25.0,2.2
341,2016,GOVERNMENT,MOUNT ELIZA SECONDARY COLLEGE,MOUNT ELIZA,45,36,0,168,132,46,93,100,3,91.0,86.0,30.0,4.7
342,2016,GOVERNMENT,MOUNT ERIN COLLEGE,FRANKSTON,47,29,0,250,158,125,67,93,0,93.0,93.0,28.0,3.6
343,2016,INDEPENDENT,MOUNT EVELYN CHRISTIAN SCHOOL,MOUNT EVELYN,39,17,0,98,72,53,82,100,0,82.0,63.0,29.0,3.2
344,2016,CATHOLIC,MOUNT LILYDALE MERCY COLLEGE,LILYDALE,59,28,0,316,229,30,89,98,3,93.0,100.0,30.0,6.1
345,2016,GOVERNMENT,MOUNT RIDLEY P-12 COLLEGE,CRAIGIEBURN,61,31,0,205,142,91,94,99,1,82.0,58.0,24.0,0.7
346,2016,INDEPENDENT,MOUNT SCOPUS MEMORIAL COLLEGE,BURWOOD,43,16,0,223,181,0,99,100,12,92.0,0.0,37.0,35.4
347,2016,CATHOLIC,MOUNT ST JOSEPH GIRLS' COLLEGE,ALTONA,49,13,0,227,44,23,99,99,8,90.0,97.0,30.0,6.1
348,2016,GOVERNMENT,MOUNT WAVERLEY SECONDARY COLLEGE,MOUNT WAVERLEY,43,9,0,417,28,0,97,100,45,93.0,0.0,31.0,7.8
349,2016,INDEPENDENT,MOUNTAIN DISTRICT CHRISTIAN SCHOOL,MONBULK,18,7,0,29,8,0,66,100,0,82.0,0.0,28.0,2.8
351,2016,INDEPENDENT,MT HIRA COLLEGE,KEYSBOROUGH,12,0,0,52,0,0,89,97,0,0.0,0.0,29.0,0.8
352,2016,GOVERNMENT,MULLAUNA COLLEGE,MITCHAM,32,9,0,101,11,0,96,100,2,100.0,0.0,31.0,8.8
353,2016,GOVERNMENT,MURRAYVILLE COMMUNITY COLLEGE,MURRAYVILLE,11,5,0,22,28,6,66,100,0,62.0,100.0,32.0,22.9
355,2016,GOVERNMENT,MYRTLEFORD P-12 COLLEGE,MYRTLEFORD,26,10,0,36,19,15,70,100,0,100.0,93.0,28.0,0.0
356,2016,CATHOLIC,NAGLE COLLEGE,BAIRNSDALE,43,20,0,192,136,47,63,100,2,92.0,78.0,27.0,2.0
358,2016,GOVERNMENT,NARRE WARREN SOUTH P-12 COLLEGE,NARRE WARREN SOUTH,50,34,0,221,249,216,97,100,1,100.0,100.0,30.0,4.6
359,2016,GOVERNMENT,NATHALIA SECONDARY COLLEGE,NATHALIA,25,15,0,26,22,9,27,100,0,79.0,84.0,23.0,2.0
360,2016,CATHOLIC,NAZARETH COLLEGE,NOBLE PARK NORTH,62,29,0,150,70,38,96,100,4,91.0,99.0,31.0,5.4
362,2016,GOVERNMENT,NEWCOMB SECONDARY COLLEGE,NEWCOMB,47,30,0,93,120,60,55,98,0,95.0,77.0,25.0,1.2
363,2016,INDEPENDENT,NEWHAVEN COLLEGE,NEWHAVEN,31,2,0,149,35,0,85,100,2,97.0,0.0,30.0,8.6
364,2016,GOVERNMENT,NHILL COLLEGE,NHILL,22,10,0,47,16,14,79,96,0,96.0,85.0,30.0,6.1
365,2016,GOVERNMENT,NOBLE PARK SECONDARY COLLEGE,NOBLE PARK,32,13,0,99,56,53,79,94,1,82.0,92.0,25.0,1.0
366,2016,GOVERNMENT,NORTH GEELONG SECONDARY COLLEGE,GEELONG NORTH,48,30,0,115,130,101,56,98,0,59.0,83.0,25.0,1.4
367,2016,GOVERNMENT,NORTHCOTE HIGH SCHOOL,NORTHCOTE,61,27,0,445,115,0,91,99,19,93.0,0.0,31.0,10.8
368,2016,GOVERNMENT,NORTHERN BAY P-12 COLLEGE,CORIO,41,26,0,67,154,67,57,96,0,60.0,51.0,22.0,0.0
369,2016,GOVERNMENT,NORTHERN COLLEGE OF THE ARTS AND TECHNOLOGY,PRESTON EAST,48,28,0,244,353,199,40,98,0,94.0,98.0,26.0,1.4
370,2016,INDEPENDENT,NORTHSIDE CHRISTIAN COLLEGE,BUNDOORA,18,10,0,29,16,5,69,100,0,99.0,100.0,27.0,5.1
371,2016,GOVERNMENT,NORWOOD SECONDARY COLLEGE,RINGWOOD,45,24,0,233,95,35,73,100,5,96.0,96.0,29.0,4.9
372,2016,SELECTIVE,NOSSAL HIGH SCHOOL,BERWICK,44,6,0,425,23,0,99,100,46,100.0,0.0,35.0,22.7
373,2016,CATHOLIC,NOTRE DAME COLLEGE,SHEPPARTON,67,40,0,356,574,99,80,99,1,77.0,90.0,29.0,3.2
374,2016,GOVERNMENT,NUMURKAH SECONDARY COLLEGE,NUMURKAH,28,17,0,46,41,26,62,100,0,84.0,89.0,26.0,0.0
375,2016,INDEPENDENT,NUNAWADING CHRISTIAN COLLEGE - SECONDARY CAMPUS,NUNAWADING,16,3,0,35,0,0,100,100,1,0.0,0.0,32.0,14.1
376,2016,INDEPENDENT,OAKLEIGH GRAMMAR,OAKLEIGH,26,2,0,89,0,0,92,100,2,0.0,0.0,30.0,4.3
377,2016,GOVERNMENT,OAKWOOD SCHOOL - CAULFIELD PARK COMMUNITY CAMPUS,CAULFIELD NORTH,21,24,0,35,104,16,0,0,0,43.0,93.0,25.0,0.0
378,2016,GOVERNMENT,OBERON HIGH SCHOOL,BELMONT,58,27,0,157,78,37,72,97,2,79.0,83.0,29.0,3.5
379,2016,GOVERNMENT,ORBOST SECONDARY COLLEGE,ORBOST,16,6,0,68,57,31,53,92,0,63.0,72.0,24.0,0.9
380,2016,CATHOLIC,OUR LADY OF MERCY COLLEGE,HEIDELBERG,53,18,0,324,70,11,96,100,23,95.0,100.0,33.0,10.3
381,2016,CATHOLIC,OUR LADY OF SACRED HEART COLLEGE,BENTLEIGH,39,21,0,172,185,21,99,100,8,97.0,98.0,31.0,8.5
382,2016,CATHOLIC,OUR LADY OF SION COLLEGE,BOX HILL,43,21,0,245,35,9,98,100,20,91.0,100.0,33.0,8.9
383,2016,GOVERNMENT,OUYEN P-12 COLLEGE,OUYEN,19,6,0,32,20,15,81,100,0,97.0,88.0,31.0,7.9
384,2016,INDEPENDENT,OVERNEWTON ANGLICAN COMMUNITY COLLEGE,KEILOR,40,11,0,255,147,0,91,100,6,97.0,0.0,30.0,8.5
385,2016,INDEPENDENT,OXLEY CHRISTIAN COLLEGE,CHIRNSIDE PARK,33,5,0,146,6,0,97,99,3,88.0,0.0,32.0,11.4
386,2016,INDEPENDENT,OZFORD COLLEGE,MELBOURNE,12,2,0,27,31,29,80,100,0,93.0,86.0,21.0,0.0
387,2016,CATHOLIC,PADUA COLLEGE,MORNINGTON,65,42,0,528,289,51,79,100,10,94.0,93.0,29.0,5.2
389,2016,CATHOLIC,PARADE COLLEGE,BUNDOORA,66,28,0,428,311,128,81,99,13,90.0,96.0,31.0,9.1
390,2016,GOVERNMENT,PARKDALE SECONDARY COLLEGE,MORDIALLOC,60,36,0,347,216,41,65,99,2,98.0,97.0,29.0,6.3
392,2016,GOVERNMENT,PASCOE VALE GIRLS SECONDARY COLLEGE,PASCOE VALE,42,8,0,248,102,13,95,99,14,96.0,85.0,28.0,2.3
393,2016,GOVERNMENT,PATTERSON RIVER SECONDARY COLLEGE,CARRUM,49,33,0,200,122,78,59,93,0,98.0,93.0,28.0,3.0
394,2016,INDEPENDENT,PENLEIGH AND ESSENDON GRAMMAR SCHOOL,KEILOR EAST,37,3,0,310,4,0,92,100,66,18.0,0.0,36.0,25.5
395,2016,CATHOLIC,PENOLA CATHOLIC COLLEGE,BROADMEADOWS,56,27,0,328,233,66,85,100,12,90.0,83.0,28.0,2.2
397,2016,GOVERNMENT,PHOENIX P-12 COMMUNITY COLLEGE,SEBASTOPOL,47,29,0,162,142,87,79,93,0,78.0,77.0,27.0,1.1
399,2016,INDEPENDENT,PLENTY VALLEY CHRISTIAN COLLEGE,DOREEN,41,21,0,117,60,20,91,100,2,86.0,100.0,31.0,7.9
400,2016,GOVERNMENT,POINT COOK SENIOR SECONDARY COLLEGE,POINT COOK,74,35,0,383,227,110,78,92,3,87.0,79.0,27.0,2.1
401,2016,GOVERNMENT,PORTLAND SECONDARY COLLEGE,PORTLAND,34,15,0,127,148,46,77,96,2,76.0,75.0,26.0,1.7
403,2016,INDEPENDENT,PRESBYTERIAN LADIES' COLLEGE,BURWOOD,35,2,1,268,4,0,100,100,51,100.0,0.0,35.0,22.4
405,2016,INDEPENDENT,PRESHIL THE MARGARET LYTTLE MEMORIAL SCHOOL,KEW,19,7,0,33,9,0,72,96,0,89.0,0.0,27.0,3.0
407,2016,GOVERNMENT,PRINCES HILL SECONDARY COLLEGE,PRINCES HILL,46,28,0,200,49,22,90,98,9,98.0,75.0,31.0,7.8
409,2016,GOVERNMENT,RED CLIFFS SECONDARY COLLEGE,RED CLIFFS,37,18,0,137,85,47,58,92,0,67.0,92.0,25.0,1.0
410,2016,GOVERNMENT,RESERVOIR HIGH SCHOOL,RESERVOIR,45,21,0,113,69,24,71,92,2,81.0,91.0,26.0,2.7
414,2016,GOVERNMENT,ROCHESTER SECONDARY COLLEGE,ROCHESTER,33,14,0,93,63,24,83,98,0,93.0,96.0,27.0,1.3
415,2016,GOVERNMENT,ROSEBUD SECONDARY COLLEGE,ROSEBUD,60,39,0,238,122,69,72,100,4,95.0,91.0,28.0,2.8
416,2016,GOVERNMENT,ROSEHILL SECONDARY COLLEGE,NIDDRIE,48,19,0,172,54,29,75,96,1,96.0,98.0,29.0,2.2
420,2016,GOVERNMENT,RUTHERGLEN HIGH SCHOOL,RUTHERGLEN,19,10,0,48,56,12,40,96,0,84.0,70.0,25.0,4.0
421,2016,INDEPENDENT,RUYTON GIRLS' SCHOOL,KEW,40,6,0,147,16,0,100,100,19,100.0,0.0,37.0,30.3
422,2016,CATHOLIC,SACRE COEUR,GLEN IRIS,35,4,0,165,5,0,100,100,17,100.0,0.0,36.0,27.1
423,2016,CATHOLIC,SACRED HEART COLLEGE,YARRAWONGA,36,18,0,46,61,11,79,100,0,94.0,97.0,28.0,1.7
424,2016,CATHOLIC,SACRED HEART COLLEGE GEELONG,NEWTOWN,66,31,0,413,176,50,92,100,11,99.0,97.0,33.0,13.5
426,2016,CATHOLIC,SACRED HEART GIRLS' COLLEGE OAKLEIGH,HUGHESDALE,47,13,0,261,27,0,100,100,20,98.0,0.0,33.0,13.8
427,2016,CATHOLIC,SAINT IGNATIUS COLLEGE GEELONG,DRYSDALE,45,26,0,181,60,41,75,100,6,98.0,98.0,30.0,8.5
428,2016,GOVERNMENT,SALE COLLEGE,SALE,35,15,0,136,86,51,61,94,0,83.0,83.0,26.0,2.5
429,2016,CATHOLIC,SALESIAN COLLEGE,CHADSTONE,43,17,0,167,54,24,87,100,7,97.0,100.0,31.0,9.1
430,2016,CATHOLIC,SALESIAN COLLEGE SUNBURY,SUNBURY,56,31,0,242,127,69,95,99,1,86.0,82.0,29.0,3.8
431,2016,GOVERNMENT,SANDRINGHAM COLLEGE,SANDRINGHAM,74,33,0,319,169,59,73,97,3,81.0,71.0,28.0,5.1
432,2016,CATHOLIC,SANTA MARIA COLLEGE,NORTHCOTE,47,19,0,209,39,9,98,100,8,89.0,84.0,31.0,8.0
433,2016,GOVERNMENT,SCORESBY SECONDARY COLLEGE,SCORESBY,33,16,0,77,41,24,78,98,0,93.0,81.0,23.0,1.5
434,2016,INDEPENDENT,SCOTCH COLLEGE,HAWTHORN,49,8,0,453,10,0,96,100,83,100.0,0.0,35.0,23.9
436,2016,GOVERNMENT,SEYMOUR COLLEGE,SEYMOUR,41,26,0,109,110,25,85,90,1,90.0,76.0,27.0,1.5
437,2016,INDEPENDENT,SHELFORD GIRLS' GRAMMAR,CAULFIELD,36,10,0,129,15,0,100,100,12,95.0,0.0,37.0,30.7
439,2016,INDEPENDENT,SHEPPARTON CHRISTIAN COLLEGE,SHEPPARTON,26,14,0,37,25,10,83,92,2,81.0,80.0,28.0,1.6
440,2016,GOVERNMENT,SHEPPARTON HIGH SCHOOL,SHEPPARTON,44,19,0,123,88,69,61,89,0,89.0,97.0,27.0,1.7
442,2016,CATHOLIC,SIENA COLLEGE,CAMBERWELL,38,9,0,165,11,0,98,100,13,100.0,0.0,34.0,16.0
443,2016,CATHOLIC,SIMONDS CATHOLIC COLLEGE,FITZROY NORTH,33,13,0,106,37,18,93,98,0,86.0,89.0,28.0,3.0
445,2016,INDEPENDENT,SIRIUS COLLEGE - KEYSBOROUGH CAMPUS,KEYSBOROUGH,15,0,0,72,0,0,100,100,0,0.0,0.0,26.0,3.1
446,2016,INDEPENDENT,SIRIUS COLLEGE - MEADOW FAIR CAMPUS,BROADMEADOWS,16,0,0,125,0,0,90,100,5,0.0,0.0,31.0,11.4
448,2016,GOVERNMENT,SOMERVILLE SECONDARY COLLEGE,SOMERVILLE,29,23,0,59,44,25,63,100,0,98.0,90.0,23.0,0.8
449,2016,GOVERNMENT,SOUTH GIPPSLAND SECONDARY COLLEGE,FOSTER,33,13,0,63,32,18,68,84,0,58.0,74.0,26.0,3.5
450,2016,GOVERNMENT,SOUTH OAKLEIGH SECONDARY COLLEGE,OAKLEIGH SOUTH,32,3,0,88,27,0,95,98,1,95.0,0.0,29.0,1.1
454,2016,CATHOLIC,ST ALOYSIUS COLLEGE,NORTH MELBOURNE,42,14,0,103,55,9,93,100,5,77.0,100.0,30.0,5.8
455,2016,INDEPENDENT,ST ANDREWS CHRISTIAN COLLEGE,WANTIRNA SOUTH,27,6,0,41,9,0,94,100,3,100.0,0.0,31.0,6.6
459,2016,CATHOLIC,ST BERNARD'S COLLEGE,ESSENDON,50,21,0,367,144,17,89,100,18,94.0,98.0,32.0,10.2
460,2016,CATHOLIC,ST BRIGID'S COLLEGE,HORSHAM,29,15,0,99,78,114,70,98,0,97.0,92.0,28.0,3.9
461,2016,INDEPENDENT,ST CATHERINE'S SCHOOL,TOORAK,32,10,0,136,13,0,100,100,16,95.0,0.0,35.0,18.0
462,2016,CATHOLIC,ST COLUMBA'S COLLEGE,ESSENDON,45,15,0,213,45,12,100,100,10,97.0,100.0,32.0,10.3
463,2016,CATHOLIC,ST FRANCIS XAVIER COLLEGE,BEACONSFIELD,59,28,0,435,410,115,82,99,10,97.0,89.0,30.0,5.9
464,2016,GOVERNMENT,ST HELENA SECONDARY COLLEGE,ELTHAM,44,22,0,361,250,38,92,98,2,82.0,86.0,30.0,5.6
465,2016,INDEPENDENT,ST JOHN'S GREEK ORTHODOX COLLEGE,PRESTON,17,2,0,22,0,0,80,93,1,0.0,0.0,32.0,5.9
466,2016,CATHOLIC,ST JOHN'S REGIONAL COLLEGE,DANDENONG,57,25,0,195,159,39,95,99,2,100.0,98.0,25.0,1.8
467,2016,CATHOLIC,ST JOSEPH'S COLLEGE ECHUCA,ECHUCA,43,22,0,233,237,18,69,99,4,91.0,90.0,28.0,3.0
468,2016,CATHOLIC,ST JOSEPH'S COLLEGE FERNTREE GULLY,FERNTREE GULLY,48,30,0,267,321,50,89,98,0,82.0,99.0,30.0,4.3
469,2016,CATHOLIC,ST JOSEPH'S COLLEGE MILDURA,MILDURA,45,30,0,173,89,29,73,96,0,90.0,93.0,30.0,6.1
470,2016,CATHOLIC,ST JOSEPH'S COLLEGE NEWTOWN,NEWTOWN,61,26,0,392,240,48,75,99,9,98.0,99.0,31.0,9.4
472,2016,INDEPENDENT,ST LEONARDS COLLEGE,BRIGHTON EAST,42,8,1,203,27,0,93,100,10,96.0,0.0,33.0,14.7
473,2016,INDEPENDENT,ST MARGARETS SCHOOL,BERWICK,30,0,0,117,0,0,100,100,10,0.0,0.0,34.0,15.9
474,2016,CATHOLIC,ST MARY MACKILLOP COLLEGE,SWAN HILL,33,16,0,125,137,35,83,98,0,94.0,95.0,31.0,7.3
475,2016,CATHOLIC,ST MARY OF THE ANGELS SCHOOL,NATHALIA,42,27,0,121,79,26,91,100,0,67.0,80.0,29.0,3.5
476,2016,INDEPENDENT,ST MARY'S COPTIC ORTHODOX COLLEGE,COOLAROO,16,0,0,97,0,0,84,96,7,0.0,0.0,27.0,8.4
477,2016,INDEPENDENT,ST MICHAEL'S GRAMMAR SCHOOL,ST KILDA,39,5,0,205,12,0,90,100,17,90.0,0.0,34.0,16.0
478,2016,CATHOLIC,ST MONICA'S COLLEGE,EPPING,55,18,0,354,293,53,83,100,14,95.0,91.0,31.0,8.6
479,2016,CATHOLIC,ST PATRICK'S COLLEGE,BALLARAT,48,23,0,376,284,0,71,100,2,92.0,0.0,29.0,4.9
480,2016,INDEPENDENT,ST PAUL'S ANGLICAN GRAMMAR SCHOOL,WARRAGUL,35,13,0,204,66,0,93,100,26,97.0,0.0,31.0,7.5
481,2016,CATHOLIC,ST PETER'S COLLEGE,CRANBOURNE,61,37,0,260,166,59,76,98,2,92.0,95.0,27.0,2.1
482,2016,INDEPENDENT,ST THOMAS AQUINAS COLLEGE,TYNONG,12,1,0,25,0,0,76,100,3,0.0,0.0,28.0,3.9
483,2016,CATHOLIC,STAR OF THE SEA COLLEGE,BRIGHTON,47,16,0,257,62,9,99,99,8,94.0,100.0,34.0,15.0
484,2016,GOVERNMENT,STAUGHTON COLLEGE,MELTON SOUTH,39,21,0,154,67,55,60,95,1,64.0,65.0,25.0,0.2
485,2016,GOVERNMENT,STAWELL SECONDARY COLLEGE,STAWELL,26,19,0,67,54,38,80,98,0,92.0,57.0,26.0,2.1
487,2016,INDEPENDENT,STRATHCONA BAPTIST GIRLS GRAMMAR SCHOOL,CANTERBURY,39,5,0,165,10,0,95,100,22,100.0,0.0,36.0,25.8
488,2016,GOVERNMENT,STRATHMORE SECONDARY COLLEGE,STRATHMORE,49,7,0,404,23,0,96,99,21,96.0,0.0,31.0,9.6
489,2016,GOVERNMENT,SUNBURY COLLEGE,SUNBURY,32,16,0,189,213,0,65,99,2,82.0,0.0,27.0,3.2
490,2016,GOVERNMENT,SUNBURY DOWNS SECONDARY COLLEGE,SUNBURY,31,13,0,122,104,66,80,100,1,84.0,96.0,30.0,1.7
492,2016,GOVERNMENT,SUNSHINE COLLEGE,SUNSHINE,36,17,0,173,211,212,94,97,2,91.0,92.0,28.0,2.0
493,2016,GOVERNMENT,SURF COAST SECONDARY COLLEGE,TORQUAY,51,28,0,99,133,19,61,90,0,91.0,86.0,25.0,1.7
494,2016,SELECTIVE,SUZANNE CORY HIGH SCHOOL,WERRIBEE,39,1,0,379,4,0,96,100,35,100.0,0.0,34.0,15.5
495,2016,GOVERNMENT,SWAN HILL COLLEGE,SWAN HILL,40,26,0,216,285,89,86,95,2,92.0,85.0,27.0,1.4
500,2016,GOVERNMENT,TALLANGATTA SECONDARY COLLEGE,TALLANGATTA,30,16,0,77,95,31,59,100,0,99.0,89.0,27.0,4.7
501,2016,GOVERNMENT,TARNEIT SENIOR COLLEGE,TARNEIT,37,8,0,132,27,28,64,98,2,82.0,100.0,25.0,1.3
503,2016,GOVERNMENT,TEMPLESTOWE COLLEGE,TEMPLESTOWE LOWER,53,22,0,219,71,27,63,95,1,80.0,92.0,26.0,3.0
506,2016,INDEPENDENT,THE GEELONG COLLEGE,NEWTOWN,43,8,0,263,32,0,93,100,16,95.0,0.0,34.0,17.8
507,2016,GOVERNMENT,THE GRANGE P-12 COLLEGE,HOPPERS CROSSING,26,19,0,144,140,63,79,99,0,83.0,81.0,22.0,0.7
508,2016,INDEPENDENT,THE HAMILTON AND ALEXANDRA COLLEGE,HAMILTON,32,6,0,104,54,0,87,100,6,98.0,0.0,32.0,7.7
509,2016,INDEPENDENT,THE KING DAVID SCHOOL- SENIOR SCHOOL,ARMADALE,45,16,0,144,70,0,96,100,6,97.0,0.0,35.0,23.2
510,2016,INDEPENDENT,THE KNOX SCHOOL,WANTIRNA SOUTH,38,7,0,146,22,0,94,100,9,97.0,0.0,32.0,12.2
513,2016,GOVERNMENT,THOMASTOWN SECONDARY COLLEGE,THOMASTOWN,39,19,0,101,34,0,83,96,1,100.0,0.0,23.0,0.6
514,2016,GOVERNMENT,THORNBURY HIGH SCHOOL,THORNBURY,47,20,0,323,215,199,87,98,3,96.0,92.0,29.0,4.7
515,2016,GOVERNMENT,TIMBOON P-12 SCHOOL,TIMBOON,25,14,0,32,34,13,92,100,0,98.0,63.0,27.0,1.3
516,2016,INDEPENDENT,TINTERN GRAMMAR,RINGWOOD EAST,39,9,1,127,28,0,92,100,4,87.0,0.0,32.0,11.1
517,2016,INDEPENDENT,TOORAK COLLEGE,MOUNT ELIZA,32,9,0,114,13,7,97,100,10,91.0,100.0,34.0,18.8
518,2016,GOVERNMENT,TRAFALGAR HIGH SCHOOL,TRAFALGAR,25,15,0,127,24,36,70,100,1,74.0,91.0,27.0,2.8
519,2016,GOVERNMENT,TRARALGON COLLEGE,TRARALGON,41,21,0,105,74,56,74,94,0,77.0,53.0,26.0,0.0
520,2016,CATHOLIC,TRINITY COLLEGE COLAC,COLAC,40,23,0,185,102,39,75,100,3,90.0,87.0,28.0,6.4
521,2016,INDEPENDENT,TRINITY GRAMMAR SCHOOL,KEW,38,6,0,268,22,0,99,100,26,93.0,0.0,36.0,29.8
522,2016,GOVERNMENT,TYRRELL COLLEGE,SEA LAKE,13,10,0,22,39,11,100,100,0,71.0,87.0,29.0,8.7
523,2016,GOVERNMENT,UNIVERSITY HIGH SCHOOL,PARKVILLE,58,22,0,448,52,0,93,96,52,94.0,0.0,32.0,10.1
524,2016,GOVERNMENT,UPPER YARRA SECONDARY COLLEGE,YARRA JUNCTION,35,19,0,80,62,23,89,100,1,71.0,72.0,27.0,0.5
525,2016,GOVERNMENT,UPWEY HIGH SCHOOL,UPWEY,48,29,0,169,89,37,63,99,1,96.0,72.0,27.0,2.7
526,2016,GOVERNMENT,VERMONT SECONDARY COLLEGE,VERMONT,61,24,0,303,44,0,96,100,15,94.0,0.0,30.0,6.1
528,2016,GOVERNMENT,VICTORIA UNIVERSITY SECONDARY COLLEGE - BRIMBANK CAMPUS,ST ALBANS,50,19,0,183,143,85,84,93,0,90.0,85.0,27.0,0.8
530,2016,GOVERNMENT,VICTORIAN COLLEGE OF THE ARTS SECONDARY SCHOOL,SOUTHBANK,29,3,0,166,47,0,71,98,1,99.0,0.0,34.0,22.7
531,2016,INDEPENDENT,VICTORY CHRISTIAN COLLEGE,STRATHDALE,28,8,0,44,10,0,63,100,0,38.0,0.0,28.0,5.0
532,2016,INDEPENDENT,VICTORY LUTHERAN COLLEGE,WEST WODONGA,20,8,0,52,47,0,82,100,0,97.0,0.0,29.0,0.7
534,2016,GOVERNMENT,WALLAN SECONDARY COLLEGE,WALLAN,38,19,0,107,53,33,62,93,1,87.0,78.0,26.0,3.0
536,2016,GOVERNMENT,WANGARATTA HIGH SCHOOL - EDWARDS STREET CAMPUS,WANGARATTA,49,30,0,203,136,54,57,98,6,84.0,52.0,27.0,4.5
537,2016,GOVERNMENT,WANTIRNA COLLEGE,WANTIRNA,54,24,0,232,68,32,85,99,6,85.0,89.0,29.0,5.4
538,2016,GOVERNMENT,WARRACKNABEAL SECONDARY COLLEGE,WARRACKNABEAL,24,17,0,47,50,32,89,100,0,85.0,56.0,28.0,4.1
539,2016,GOVERNMENT,WARRAGUL REGIONAL COLLEGE,WARRAGUL,39,23,0,141,67,50,75,99,4,83.0,96.0,28.0,6.3
540,2016,GOVERNMENT,WARRANDYTE HIGH SCHOOL,WARRANDYTE,36,18,0,129,84,0,69,96,0,94.0,0.0,27.0,4.8
541,2016,GOVERNMENT,WARRNAMBOOL COLLEGE,WARRNAMBOOL,57,34,0,279,132,27,75,91,9,70.0,73.0,28.0,5.5
542,2016,INDEPENDENT,WAVERLEY CHRISTIAN COLLEGE,WANTIRNA SOUTH,46,13,0,228,31,5,88,99,7,93.0,91.0,32.0,11.8
543,2016,GOVERNMENT,WEDDERBURN COLLEGE,WEDDERBURN,18,12,0,26,44,15,85,100,0,72.0,74.0,26.0,1.6
544,2016,GOVERNMENT,WELLINGTON SECONDARY COLLEGE,MULGRAVE,51,19,0,362,50,30,96,100,9,95.0,92.0,30.0,5.5
545,2016,GOVERNMENT,WERRIBEE SECONDARY COLLEGE,WERRIBEE,80,48,1,324,190,103,86,93,8,68.0,90.0,30.0,5.8
546,2016,INDEPENDENT,WESLEY COLLEGE,MELBOURNE,48,10,1,169,44,0,95,100,12,98.0,0.0,33.0,10.1
547,2016,INDEPENDENT,WESLEY COLLEGE GLEN WAVERLEY CAMPUS,GLEN WAVERLEY,34,9,1,117,35,0,89,100,15,45.0,0.0,31.0,8.9
548,2016,GOVERNMENT,WESTALL SECONDARY COLLEGE,CLAYTON SOUTH,26,19,0,80,59,29,92,100,3,73.0,71.0,26.0,7.7
549,2016,INDEPENDENT,WESTBOURNE GRAMMAR SCHOOL - HOPPERS CROSSING CAMPUS,TRUGANINA,33,0,0,173,0,0,91,100,23,0.0,0.0,33.0,14.7
550,2016,GOVERNMENT,WESTERN HEIGHTS SECONDARY COLLEGE,HAMLYN HEIGHTS,42,23,0,183,77,41,38,88,0,68.0,84.0,24.0,0.5
551,2016,GOVERNMENT,WESTERN PORT SECONDARY COLLEGE,HASTINGS,40,26,0,94,68,41,59,100,1,90.0,70.0,26.0,1.3
553,2016,GOVERNMENT,WHEELERS HILL SECONDARY COLLEGE,WHEELERS HILL,30,13,0,88,15,0,81,100,2,88.0,0.0,29.0,5.6
554,2016,CATHOLIC,WHITEFRIARS COLLEGE,DONVALE,47,17,0,316,96,34,92,100,5,95.0,99.0,31.0,7.3
555,2016,GOVERNMENT,WHITTLESEA SECONDARY COLLEGE,WHITTLESEA,52,29,0,136,166,59,75,95,0,84.0,88.0,25.0,0.8
557,2016,GOVERNMENT,WILLIAM RUTHVEN SECONDARY COLLEGE,RESERVOIR,31,14,0,94,32,13,92,96,0,62.0,90.0,25.0,1.3
558,2016,GOVERNMENT,WILLIAMSTOWN HIGH SCHOOL,WILLIAMSTOWN,62,21,0,374,84,33,77,99,9,90.0,92.0,31.0,10.5
560,2016,GOVERNMENT,WODONGA SENIOR SECONDARY COLLEGE,WODONGA,62,34,0,362,528,104,30,87,1,97.0,50.0,24.0,1.5
561,2016,GOVERNMENT,WONTHAGGI SECONDARY COLLEGE (MCBRIDE CAMPUS),WONTHAGGI,50,25,0,200,267,56,68,96,2,81.0,83.0,27.0,3.1
562,2016,INDEPENDENT,WOODLEIGH SCHOOL,LANGWARRIN SOUTH,39,21,0,143,36,0,96,100,10,89.0,0.0,35.0,18.8
564,2016,GOVERNMENT,WYNDHAM CENTRAL SECONDARY COLLEGE,WERRIBEE,45,32,0,122,80,36,81,92,0,72.0,91.0,28.0,4.2
567,2016,GOVERNMENT,YARRA HILLS SECONDARY COLLEGE (MOOROOLBARK CAMPUS),MOOROOLBARK,41,24,0,95,50,34,77,94,1,93.0,97.0,25.0,2.6
568,2016,INDEPENDENT,YARRA VALLEY GRAMMAR SCHOOL,RINGWOOD,40,5,0,263,49,0,91,100,10,98.0,0.0,34.0,21.1
569,2016,GOVERNMENT,YARRAM SECONDARY COLLEGE,YARRAM,30,13,0,73,59,21,51,92,0,80.0,100.0,24.0,3.4
571,2016,GOVERNMENT,YEA HIGH SCHOOL,YEA,32,17,0,80,50,32,69,97,0,87.0,96.0,25.0,1.9
