2,3,3,Islam,No,2,3,Good,No-use
1,3,more,Islam,No,3,4,Good,No-use
2,3,more,Islam,No,3,4,Good,No-use
3,2,more,Islam,No,3,3,Good,No-use
3,3,more,Islam,No,3,2,Good,No-use
4,4,0,Islam,No,3,3,Good,No-use
2,3,more,Islam,No,3,2,Good,No-use
3,3,1,Islam,Yes,3,2,Good,No-use
2,3,3,Islam,No,3,4,Good,No-use
1,1,more,Islam,No,2,2,Not-good,No-use
1,3,2,Islam,Yes,3,3,Not-good,No-use
1,4,4,Islam,No,1,3,Good,No-use
4,4,1,Islam,Yes,1,4,Good,No-use
2,4,1,Islam,Yes,3,3,Good,No-use
3,4,2,Islam,No,2,3,Good,No-use
2,4,0,Islam,No,4,1,Good,No-use
1,1,more,Islam,No,2,4,Good,No-use
2,2,more,Islam,No,2,4,Good,No-use
2,2,more,Islam,No,2,3,Good,No-use
2,1,more,Islam,No,2,1,Not-good,No-use
3,4,1,Islam,Yes,4,1,Good,No-use
3,4,0,Islam,Yes,3,1,Good,No-use
4,4,1,Non-Islam,No,1,4,Good,No-use
4,4,1,Islam,No,1,4,Good,No-use
4,4,more,Islam,No,1,4,Good,No-use
2,4,more,Islam,No,3,3,Good,No-use
4,4,1,Islam,Yes,1,4,Good,No-use
4,4,0,Islam,Yes,1,4,Good,No-use
4,4,0,Islam,Yes,2,2,Good,No-use
1,2,more,Islam,No,2,4,Good,No-use
3,4,2,Islam,No,1,4,Good,No-use
4,4,2,Islam,No,3,2,Good,No-use
2,4,0,Islam,Yes,1,2,Good,No-use
2,2,2,Islam,No,3,1,Good,No-use
2,3,1,Islam,No,3,3,Good,No-use
1,3,more,Islam,No,3,2,Not-good,No-use
1,2,more,Islam,Yes,3,1,Good,No-use
3,3,4,Islam,No,3,2,Good,No-use
2,2,3,Islam,No,3,4,Good,No-use
2,2,1,Islam,No,2,4,Good,No-use
1,1,3,Islam,No,3,1,Good,No-use
2,3,0,Islam,Yes,1,3,Good,No-use
2,4,2,Islam,No,1,3,Good,No-use
4,4,2,Non-Islam,No,1,4,Good,No-use
2,2,1,Islam,No,3,2,Good,No-use
1,4,1,Islam,No,2,1,Good,No-use
4,4,2,Islam,No,2,3,Good,No-use
4,4,0,Islam,No,2,4,Good,No-use
4,4,1,Islam,No,1,4,Good,No-use
4,4,0,Islam,Yes,1,4,Good,No-use
4,4,0,Islam,Yes,1,4,Good,No-use
4,4,more,Non-Islam,No,2,4,Good,No-use
3,4,more,Islam,No,3,3,Good,No-use
4,4,1,Non-Islam,Yes,2,3,Good,No-use
2,4,more,Islam,No,2,3,Good,No-use
2,2,2,Islam,No,2,2,Not-good,No-use
4,4,more,Islam,Yes,1,4,Good,No-use
3,4,more,Islam,No,2,1,Good,No-use
2,3,0,Islam,No,3,4,Good,No-use
4,4,more,Islam,No,1,2,Good,No-use
3,3,more,Islam,No,3,3,Good,No-use
2,3,1,Islam,No,2,3,Good,No-use
1,2,2,Islam,Yes,1,3,Good,No-use
2,3,1,Islam,No,2,1,Good,No-use
2,4,1,Islam,Yes,1,3,Good,No-use
2,4,1,Islam,No,3,1,Good,No-use
4,2,more,Islam,No,3,3,Good,No-use
2,3,3,Islam,No,3,1,Good,No-use
3,4,2,Islam,No,3,4,Good,No-use
4,4,1,Islam,Yes,3,3,Good,No-use
2,3,4,Islam,No,2,3,Good,No-use
2,3,more,Islam,No,1,4,Good,No-use
2,3,1,Islam,No,1,1,Good,No-use
2,3,1,Islam,No,1,2,Good,No-use
3,4,0,Islam,No,2,3,Good,No-use
3,4,1,Islam,No,2,3,Good,No-use
4,4,0,Islam,Yes,2,4,Good,No-use
3,4,3,Islam,No,1,4,Good,No-use
2,3,2,Islam,No,3,2,Good,No-use
4,4,1,Islam,Yes,1,4,Good,No-use
4,4,0,Non-Islam,No,1,4,Good,No-use
4,4,more,Non-Islam,Yes,1,4,Good,No-use
2,4,1,Islam,Yes,4,4,Good,No-use
4,4,0,Non-Islam,Yes,1,4,Good,No-use
4,4,2,Islam,No,1,4,Good,No-use
4,4,2,Islam,No,1,4,Good,No-use
4,4,1,Islam,No,1,3,Good,No-use
4,4,3,Non-Islam,No,1,4,Good,No-use
2,4,4,Islam,No,1,4,Good,No-use
2,2,3,Islam,Yes,2,1,Good,No-use
2,3,0,Islam,No,2,1,Good,No-use
2,4,more,Islam,No,1,4,Good,No-use
2,2,3,Islam,No,2,1,Good,No-use
2,2,1,Islam,Yes,3,2,Good,No-use
1,2,3,Islam,No,1,3,Good,No-use
1,3,more,Islam,No,2,3,Not-good,No-use
2,3,1,Islam,Yes,2,3,Good,No-use
4,4,more,Islam,No,2,1,Good,No-use
2,2,3,Islam,No,3,1,Good,No-use
2,3,more,Islam,No,2,1,Good,No-use
1,2,4,Islam,No,3,1,Not-good,No-use
2,3,0,Islam,Yes,2,2,Good,No-use
2,4,3,Islam,Yes,3,2,Good,No-use
4,3,4,Islam,No,2,3,Good,No-use
2,4,2,Islam,No,3,3,Good,No-use
3,3,3,Islam,No,3,2,Good,No-use
4,4,0,Islam,No,1,1,Good,No-use
3,4,4,Islam,Yes,1,3,Good,No-use
2,3,2,Islam,No,3,1,Good,No-use
2,3,3,Islam,No,3,1,Good,No-use
4,4,1,Islam,Yes,3,3,Good,No-use
3,3,more,Islam,Yes,2,3,Good,No-use
4,4,1,Islam,No,1,4,Good,No-use
2,2,4,Islam,No,3,3,Good,No-use
3,4,0,Islam,No,1,3,Good,No-use
4,4,1,Islam,No,1,4,Good,No-use
4,4,3,Non-Islam,Yes,3,3,Good,No-use
3,4,1,Islam,No,1,3,Good,No-use
4,3,more,Islam,No,2,3,Good,No-use
2,3,2,Islam,No,3,3,Good,No-use
1,2,1,Islam,No,2,4,Not-good,No-use
2,3,more,Islam,No,2,3,Good,No-use
3,4,2,Islam,No,3,3,Good,No-use
2,3,1,Non-Islam,No,3,2,Good,No-use
2,1,3,Islam,Yes,3,2,Good,No-use
3,4,2,Islam,No,1,2,Not-good,No-use
4,4,1,Islam,No,1,3,Good,No-use
2,3,2,Islam,No,3,2,Not-good,No-use
1,3,2,Islam,Yes,2,2,Not-good,No-use
3,4,0,Islam,No,1,3,Good,No-use
3,4,3,Islam,No,3,1,Good,No-use
4,4,0,Non-Islam,Yes,1,3,Good,No-use
1,2,more,Islam,No,3,1,Good,No-use
3,4,1,Islam,No,3,1,Not-good,No-use
4,4,1,Islam,No,1,3,Good,No-use
3,3,3,Islam,Yes,2,4,Good,No-use
4,4,2,Islam,No,3,3,Good,No-use
3,3,2,Islam,No,2,2,Good,No-use
4,4,2,Non-Islam,No,3,1,Good,No-use
4,4,1,Islam,No,1,4,Good,No-use
4,4,2,Islam,No,1,3,Good,No-use
4,4,0,Non-Islam,Yes,3,3,Good,No-use
4,4,1,Islam,Yes,1,3,Good,No-use
4,4,2,Non-Islam,No,3,3,Good,No-use
2,4,2,Islam,No,3,4,Good,No-use
4,4,3,Islam,No,1,4,Good,No-use
4,4,4,Islam,No,2,3,Good,No-use
4,4,2,Islam,No,1,4,Good,No-use
4,4,1,Islam,Yes,1,3,Good,No-use
4,4,more,Islam,No,1,4,Good,No-use
4,4,3,Islam,No,2,4,Good,No-use
1,3,4,Islam,No,3,2,Good,No-use
3,4,2,Islam,No,1,4,Not-good,No-use
4,4,2,Islam,No,2,4,Good,No-use
1,2,4,Islam,No,2,2,Good,No-use
1,1,more,Islam,No,2,3,Not-good,No-use
4,4,2,Islam,Yes,2,4,Good,No-use
2,4,4,Islam,No,3,2,Good,No-use
1,4,more,Islam,No,1,2,Not-good,No-use
2,2,2,Islam,No,3,1,Good,No-use
1,1,3,Islam,No,2,1,Not-good,No-use
4,4,0,Islam,Yes,1,4,Good,No-use
1,3,0,Islam,No,2,3,Good,No-use
3,3,1,Islam,Yes,3,3,Good,No-use
4,4,4,Islam,No,2,3,Good,No-use
3,4,1,Islam,No,2,4,Good,No-use
3,4,more,Islam,No,1,4,Good,No-use
4,4,1,Islam,No,1,4,Good,No-use
4,4,0,Islam,No,2,4,Good,No-use
3,4,0,Islam,Yes,2,4,Good,No-use
4,4,4,Islam,No,1,4,Good,No-use
2,2,more,Islam,Yes,3,1,Good,No-use
2,4,1,Islam,No,2,4,Good,No-use
3,3,2,Islam,No,3,4,Good,No-use
3,2,2,Islam,No,3,2,Good,No-use
2,4,0,Islam,Yes,3,4,Good,No-use
4,4,0,Non-Islam,No,1,3,Good,No-use
2,4,4,Islam,Yes,1,4,Good,No-use
2,4,2,Islam,Yes,2,4,Good,No-use
2,1,more,Islam,Yes,2,4,Good,No-use
4,4,2,Islam,Yes,1,4,Good,No-use
2,4,1,Islam,No,2,2,Good,No-use
1,3,more,Islam,No,3,3,Good,No-use
2,1,3,Islam,Yes,4,3,Good,No-use
3,4,more,Islam,Yes,2,2,Good,No-use
2,3,1,Islam,No,3,4,Good,No-use
2,4,0,Islam,No,3,2,Good,No-use
2,3,4,Islam,No,3,1,Not-good,No-use
3,3,2,Islam,No,3,2,Good,No-use
3,2,3,Islam,No,3,2,Good,No-use
1,2,4,Islam,No,4,1,Good,No-use
3,4,3,Islam,Yes,3,2,Good,No-use
1,1,more,Islam,No,4,1,Not-good,No-use
3,3,2,Islam,No,3,3,Good,No-use
3,4,0,Islam,Yes,3,1,Good,No-use
1,2,more,Islam,No,3,3,Not-good,No-use
2,2,3,Islam,Yes,3,1,Good,No-use
3,4,more,Islam,No,2,4,Good,No-use
1,1,more,Islam,No,2,2,Good,No-use
2,4,2,Islam,No,3,3,Good,No-use
1,4,more,Non-Islam,No,2,2,Not-good,No-use
2,4,0,Islam,No,3,3,Good,No-use
2,4,2,Islam,Yes,2,4,Good,No-use
2,3,2,Islam,No,3,3,Good,No-use
3,4,1,Islam,No,1,2,Good,No-use
2,3,2,Islam,No,3,1,Good,No-use
2,4,0,Islam,No,3,1,Good,No-use
3,4,0,Islam,Yes,2,3,Good,No-use
4,4,1,Islam,No,1,4,Good,No-use
2,3,3,Islam,Yes,3,2,Good,No-use
3,3,1,Non-Islam,No,3,4,Good,No-use
1,2,1,Islam,Yes,3,3,Good,No-use
3,4,3,Islam,No,3,2,Good,No-use
1,3,more,Islam,No,3,2,Good,No-use
1,3,more,Islam,No,3,1,Good,No-use
3,4,2,Islam,Yes,2,2,Good,No-use
3,2,1,Islam,No,3,3,Good,No-use
3,2,more,Islam,Yes,2,3,Not-good,No-use
3,2,4,Islam,No,2,2,Not-good,No-use
3,3,2,Islam,Yes,2,3,Good,No-use
2,3,1,Islam,No,3,3,Good,No-use
3,4,0,Islam,No,3,3,Good,No-use
1,2,2,Islam,No,2,2,Not-good,No-use
1,2,0,Islam,No,2,4,Good,No-use
4,4,4,Islam,No,1,4,Good,No-use
4,4,4,Islam,Yes,1,3,Good,No-use
3,3,2,Islam,No,1,4,Good,No-use
1,3,1,Islam,No,2,3,Not-good,No-use
1,4,more,Islam,No,3,3,Good,No-use
3,4,0,Islam,No,3,2,Good,No-use
1,3,4,Islam,No,3,4,Not-good,No-use
2,4,1,Islam,No,1,3,Good,No-use
3,4,0,Islam,Yes,3,1,Good,No-use
2,3,1,Islam,No,2,4,Good,No-use
1,1,more,Islam,Yes,3,1,Not-good,No-use
2,3,1,Islam,Yes,3,4,Good,No-use
2,3,more,Islam,Yes,3,2,Good,No-use
4,4,1,Islam,No,3,3,Good,No-use
3,3,more,Islam,No,3,3,Good,No-use
3,3,1,Islam,No,2,3,Good,No-use
3,4,1,Islam,No,2,3,Good,No-use
3,3,4,Islam,No,2,2,Good,No-use
1,4,4,Islam,No,3,3,Good,No-use
4,4,2,Islam,No,1,3,Good,No-use
3,4,4,Islam,No,1,4,Good,No-use
4,4,2,Non-Islam,No,1,4,Good,No-use
4,4,2,Islam,Yes,1,3,Good,No-use
4,4,2,Islam,No,1,4,Good,No-use
4,4,1,Islam,No,1,2,Good,No-use
3,2,more,Islam,Yes,2,2,Not-good,No-use
4,4,3,Non-Islam,No,1,2,Good,No-use
4,4,more,Islam,No,3,3,Good,No-use
3,3,1,Islam,No,3,2,Good,No-use
4,4,1,Islam,Yes,1,4,Good,No-use
1,3,4,Islam,No,3,3,Not-good,No-use
4,4,2,Islam,No,3,3,Good,No-use
3,4,2,Non-Islam,No,2,4,Good,No-use
1,2,more,Islam,No,3,4,Good,No-use
2,2,1,Islam,Yes,3,2,Good,No-use
3,3,1,Non-Islam,No,3,4,Good,No-use
1,2,more,Islam,Yes,3,2,Good,No-use
1,3,more,Islam,Yes,3,2,Good,No-use
3,3,3,Islam,Yes,2,4,Good,No-use
3,3,0,Islam,No,2,2,Good,No-use
2,4,more,Islam,No,3,2,Good,No-use
4,4,0,Islam,No,1,3,Good,No-use
3,4,more,Islam,No,2,4,Good,No-use
3,4,more,Islam,Yes,3,2,Good,No-use
3,3,more,Islam,No,3,1,Good,No-use
1,1,more,Islam,Yes,3,1,Good,No-use
4,4,2,Islam,No,1,4,Good,No-use
3,4,1,Islam,No,3,4,Good,No-use
3,4,1,Islam,No,2,1,Good,No-use
2,4,more,Non-Islam,No,2,3,Good,No-use
3,4,2,Islam,Yes,2,3,Good,No-use
3,4,1,Non-Islam,No,2,3,Good,No-use
2,1,more,Non-Islam,No,2,4,Good,No-use
2,3,0,Islam,No,2,4,Good,No-use
3,4,more,Islam,No,3,4,Good,No-use
4,4,3,Islam,No,2,4,Good,No-use
2,3,more,Islam,Yes,3,3,Good,No-use
2,4,2,Islam,No,3,1,Good,No-use
4,4,0,Islam,No,1,4,Good,No-use
3,3,more,Islam,No,3,4,Good,No-use
2,4,2,Islam,Yes,4,4,Not-good,No-use
4,4,more,Non-Islam,No,2,4,Good,No-use
4,4,0,Islam,Yes,1,4,Good,No-use
2,4,4,Islam,No,3,3,Good,No-use
2,1,0,Islam,No,3,2,Good,No-use
1,3,0,Islam,No,2,2,Not-good,No-use
4,4,1,Islam,No,2,2,Good,No-use
4,4,4,Islam,No,1,4,Good,No-use
1,2,2,Islam,No,2,4,Good,No-use
4,4,3,Islam,No,3,4,Good,No-use
4,4,1,Islam,No,1,3,Good,No-use
3,4,more,Islam,No,1,4,Good,No-use
3,4,more,Islam,No,1,4,Good,No-use
4,4,2,Islam,No,1,4,Good,No-use
4,4,3,Non-Islam,No,1,4,Good,No-use
4,4,1,Islam,No,1,4,Good,No-use
1,2,more,Islam,No,2,4,Good,No-use
4,2,0,Islam,Yes,2,2,Good,No-use
3,3,1,Islam,No,3,4,Good,No-use
2,4,2,Islam,No,3,4,Good,No-use
4,4,1,Islam,Yes,2,4,Good,No-use
4,4,2,Islam,Yes,3,3,Good,No-use
1,2,2,Islam,No,2,4,Good,No-use
3,4,more,Islam,No,1,4,Good,No-use
3,3,0,Islam,No,2,2,Good,No-use
3,4,2,Islam,No,2,3,Good,No-use
3,4,3,Islam,No,2,3,Good,No-use
3,3,2,Islam,Yes,2,4,Good,No-use
1,4,2,Islam,Yes,3,3,Not-good,No-use
4,4,2,Islam,No,3,4,Good,No-use
2,2,0,Non-Islam,Yes,3,3,Good,No-use
2,3,more,Non-Islam,Yes,2,4,Good,No-use
1,4,2,Islam,Yes,2,3,Good,No-use
3,3,more,Islam,Yes,3,4,Good,No-use
3,4,1,Islam,No,3,3,Good,No-use
2,3,4,Non-Islam,No,2,4,Good,No-use
4,4,3,Non-Islam,No,3,4,Good,No-use
1,1,2,Islam,Yes,3,4,Good,No-use
3,4,2,Non-Islam,No,1,4,Good,No-use
1,3,0,Islam,Yes,3,4,Not-good,No-use
4,4,1,Non-Islam,No,1,3,Good,No-use
4,4,1,Non-Islam,No,2,3,Good,No-use
1,3,4,Islam,No,3,3,Not-good,No-use
4,4,2,Non-Islam,No,3,4,Good,No-use
4,4,4,Islam,No,3,4,Good,No-use
3,4,1,Non-Islam,No,3,4,Good,No-use
3,4,1,Non-Islam,No,2,4,Good,No-use
1,2,0,Islam,Yes,4,4,Good,No-use
1,2,1,Islam,Yes,3,4,Good,No-use
4,4,1,Non-Islam,No,1,4,Good,No-use
4,4,1,Non-Islam,No,3,4,Good,No-use
2,2,more,Islam,No,2,2,Not-good,No-use
4,3,0,Non-Islam,Yes,3,3,Good,No-use
4,4,3,Islam,Yes,2,4,Good,No-use
4,4,0,Islam,Yes,2,4,Good,No-use
3,4,3,Islam,No,2,1,Good,No-use
2,3,4,Islam,Yes,3,2,Good,No-use
3,3,more,Islam,No,4,3,Good,No-use
4,4,0,Non-Islam,No,2,4,Good,No-use
3,4,3,Non-Islam,No,3,4,Good,No-use
4,4,1,Islam,No,3,3,Good,No-use
4,4,1,Non-Islam,No,2,4,Good,No-use
4,4,1,Non-Islam,Yes,3,4,Good,No-use
1,2,4,Islam,No,3,2,Not-good,No-use
2,2,3,Islam,No,3,3,Good,No-use
3,3,1,Islam,No,3,1,Good,No-use
2,2,2,Islam,No,3,1,Good,No-use
1,2,more,Islam,No,3,1,Not-good,No-use
2,2,2,Islam,No,3,1,Not-good,No-use
2,2,1,Islam,No,2,1,Good,No-use
2,3,more,Islam,No,3,2,Good,No-use
2,2,1,Islam,Yes,3,2,Not-good,No-use
2,4,2,Islam,No,1,4,Good,No-use
2,4,4,Islam,No,3,4,Good,No-use
2,3,0,Islam,No,1,2,Good,No-use
2,3,0,Islam,No,2,4,Good,No-use
3,4,1,Islam,No,3,1,Good,No-use
3,3,4,Islam,No,2,4,Good,No-use
1,3,0,Islam,No,3,4,Good,No-use
2,3,2,Islam,Yes,2,4,Good,No-use
3,2,0,Islam,No,2,2,Good,No-use
2,3,3,Islam,No,3,4,Good,No-use
3,3,3,Islam,Yes,2,4,Good,No-use
4,4,1,Islam,No,2,3,Good,No-use
2,3,more,Islam,Yes,3,3,Good,No-use
3,3,more,Islam,No,3,3,Good,No-use
3,3,more,Islam,No,1,4,Good,No-use
2,3,4,Islam,No,2,3,Good,No-use
2,3,1,Islam,No,3,2,Good,No-use
3,4,3,Islam,No,1,4,Good,No-use
1,3,0,Islam,No,3,3,Not-good,No-use
3,3,2,Islam,No,2,2,Good,No-use
3,3,3,Islam,No,2,2,Not-good,No-use
2,4,more,Islam,No,2,3,Good,No-use
2,3,1,Islam,No,2,3,Good,No-use
1,2,more,Islam,No,3,3,Not-good,No-use
3,3,more,Islam,No,2,2,Good,No-use
2,4,more,Non-Islam,No,2,2,Good,No-use
2,3,2,Non-Islam,Yes,3,3,Good,No-use
2,3,1,Islam,Yes,2,1,Good,No-use
2,4,more,Islam,No,3,3,Good,No-use
4,4,2,Islam,Yes,1,4,Good,No-use
4,4,3,Islam,Yes,1,4,Not-good,No-use
4,4,0,Non-Islam,No,3,4,Good,No-use
2,4,1,Islam,Yes,3,4,Good,No-use
2,3,1,Islam,No,3,4,Good,No-use
4,4,0,Islam,Yes,3,3,Good,No-use
4,4,more,Islam,No,3,4,Good,No-use
1,4,more,Islam,No,1,4,Good,No-use
3,3,0,Islam,No,3,4,Good,No-use
4,4,0,Islam,Yes,2,4,Good,No-use
4,4,2,Non-Islam,No,1,4,Good,No-use
1,3,more,Islam,No,2,4,Good,No-use
1,1,more,Islam,Yes,2,2,Not-good,No-use
2,2,0,Islam,No,2,2,Good,No-use
1,2,3,Islam,No,2,1,Not-good,No-use
1,2,2,Islam,No,3,1,Not-good,No-use
3,4,more,Islam,No,1,4,Good,No-use
2,2,more,Islam,No,2,2,Good,No-use
1,2,1,Islam,No,3,4,Not-good,No-use
3,4,4,Islam,Yes,1,3,Good,No-use
3,3,2,Islam,No,3,3,Good,No-use
2,2,3,Islam,No,2,4,Good,No-use
3,3,2,Islam,No,2,4,Good,No-use
3,3,2,Islam,Yes,2,2,Good,No-use
3,3,1,Islam,No,2,4,Good,No-use
2,3,4,Islam,Yes,2,4,Good,No-use
2,4,2,Islam,No,3,4,Good,No-use
1,1,1,Islam,No,3,4,Good,No-use
2,2,2,Islam,No,3,1,Good,No-use
2,3,3,Islam,No,3,4,Good,No-use
3,3,more,Islam,No,3,4,Good,Long-term
4,3,more,Islam,No,1,4,Good,Long-term
4,4,4,Islam,No,1,4,Good,Long-term
4,4,2,Islam,Yes,1,4,Good,Long-term
3,3,more,Islam,Yes,1,3,Good,Long-term
3,4,3,Islam,No,1,3,Good,Long-term
2,4,4,Islam,No,3,3,Good,Long-term
4,4,2,Islam,No,1,4,Good,Long-term
2,4,more,Islam,No,3,4,Good,Long-term
2,3,more,Islam,No,3,4,Good,Long-term
4,4,2,Non-Islam,Yes,1,4,Good,Long-term
4,4,4,Islam,No,1,4,Good,Long-term
1,1,2,Islam,No,3,4,Good,Long-term
2,4,3,Islam,No,3,4,Good,Long-term
4,4,4,Non-Islam,Yes,1,2,Good,Long-term
4,4,1,Islam,No,1,2,Good,Long-term
3,4,1,Islam,No,3,4,Good,Long-term
3,4,3,Islam,No,2,3,Good,Long-term
4,4,2,Islam,Yes,3,3,Good,Long-term
3,4,1,Islam,No,3,2,Good,Long-term
4,4,more,Islam,No,1,4,Good,Long-term
2,1,2,Islam,Yes,3,3,Good,Long-term
2,2,3,Islam,No,2,3,Good,Long-term
2,3,2,Islam,No,3,3,Good,Long-term
2,4,1,Islam,Yes,3,4,Good,Long-term
4,4,4,Islam,No,2,4,Good,Long-term
4,3,more,Islam,Yes,2,4,Good,Long-term
4,4,2,Islam,Yes,1,4,Good,Long-term
4,4,2,Non-Islam,Yes,1,4,Good,Long-term
4,4,more,Islam,No,1,4,Good,Long-term
2,2,more,Islam,Yes,3,4,Good,Long-term
4,4,3,Islam,No,1,4,Good,Long-term
4,4,more,Non-Islam,Yes,1,4,Good,Long-term
4,4,3,Non-Islam,No,1,3,Good,Long-term
3,4,1,Islam,No,2,4,Good,Long-term
4,4,1,Islam,No,3,4,Good,Long-term
2,4,2,Islam,No,1,3,Good,Long-term
3,3,1,Islam,No,3,1,Good,Long-term
4,4,1,Islam,No,1,4,Good,Long-term
4,4,2,Islam,No,2,4,Good,Long-term
3,3,2,Islam,Yes,3,4,Good,Long-term
4,4,3,Islam,No,1,4,Good,Long-term
4,4,3,Islam,No,1,4,Good,Long-term
4,4,4,Islam,No,1,4,Good,Long-term
4,4,more,Non-Islam,No,1,4,Good,Long-term
4,4,4,Islam,Yes,1,4,Good,Long-term
4,4,2,Islam,No,1,4,Good,Long-term
4,4,3,Islam,No,1,4,Good,Long-term
4,4,3,Islam,No,1,4,Good,Long-term
4,4,4,Non-Islam,No,1,4,Good,Long-term
4,4,2,Islam,No,1,4,Good,Long-term
3,3,1,Non-Islam,Yes,2,4,Good,Long-term
4,3,more,Islam,No,1,4,Good,Long-term
1,4,1,Islam,Yes,4,2,Not-good,Long-term
2,4,more,Islam,No,1,4,Good,Long-term
4,4,3,Non-Islam,Yes,4,4,Good,Long-term
2,3,2,Islam,No,3,3,Good,Long-term
4,4,4,Islam,No,3,3,Good,Long-term
4,4,4,Non-Islam,Yes,1,4,Good,Long-term
4,4,more,Islam,No,1,4,Good,Long-term
4,4,3,Islam,No,1,4,Good,Long-term
4,4,more,Non-Islam,No,1,3,Good,Long-term
4,4,1,Islam,No,1,4,Good,Long-term
4,4,more,Islam,No,1,3,Good,Long-term
4,4,4,Islam,Yes,2,3,Good,Long-term
4,4,1,Islam,No,2,3,Good,Long-term
1,3,more,Islam,Yes,2,3,Not-good,Long-term
4,4,1,Islam,No,3,2,Good,Long-term
3,4,more,Non-Islam,No,1,3,Good,Long-term
3,3,2,Islam,Yes,3,3,Good,Long-term
3,4,more,Islam,Yes,2,3,Good,Long-term
4,4,more,Islam,Yes,3,3,Good,Long-term
4,4,4,Islam,No,1,3,Good,Long-term
3,3,4,Islam,No,3,2,Good,Long-term
3,4,3,Islam,No,3,4,Good,Long-term
4,3,3,Islam,No,3,3,Good,Long-term
4,4,more,Non-Islam,Yes,1,4,Good,Long-term
4,4,3,Islam,No,1,4,Good,Long-term
4,4,more,Islam,No,2,4,Good,Long-term
4,4,2,Islam,No,2,4,Good,Long-term
4,4,4,Non-Islam,No,1,4,Good,Long-term
4,4,3,Islam,No,1,4,Good,Long-term
4,4,1,Non-Islam,No,2,4,Good,Long-term
4,4,more,Islam,Yes,1,4,Good,Long-term
4,4,1,Islam,Yes,2,4,Good,Long-term
2,1,more,Islam,No,2,1,Good,Long-term
4,4,2,Islam,Yes,1,3,Good,Long-term
2,3,more,Islam,No,3,4,Good,Long-term
3,3,3,Islam,No,1,2,Good,Long-term
2,3,more,Islam,No,1,2,Good,Long-term
4,4,4,Islam,No,1,4,Good,Long-term
4,4,1,Islam,No,1,2,Good,Long-term
3,4,more,Islam,Yes,1,3,Not-good,Long-term
4,4,3,Non-Islam,No,3,3,Good,Long-term
4,4,more,Islam,Yes,1,3,Good,Long-term
4,4,2,Islam,No,1,4,Good,Long-term
3,3,2,Islam,Yes,3,4,Good,Long-term
4,4,2,Islam,Yes,1,4,Good,Long-term
4,4,3,Islam,Yes,2,4,Good,Long-term
4,4,2,Islam,Yes,1,4,Good,Long-term
4,1,4,Islam,No,3,3,Good,Long-term
4,4,4,Non-Islam,No,2,4,Good,Long-term
4,4,3,Islam,No,3,4,Good,Long-term
3,4,more,Non-Islam,No,3,3,Good,Long-term
2,4,more,Islam,No,2,3,Good,Long-term
3,3,more,Islam,No,2,3,Good,Long-term
4,4,more,Islam,No,1,3,Good,Long-term
3,1,4,Islam,No,3,1,Good,Long-term
3,3,2,Islam,No,3,2,Good,Long-term
4,4,1,Islam,No,3,4,Good,Long-term
3,4,1,Islam,No,4,4,Good,Long-term
2,3,more,Islam,Yes,2,1,Good,Long-term
3,3,more,Islam,No,3,4,Good,Long-term
4,4,2,Islam,Yes,1,3,Good,Long-term
2,2,more,Islam,No,2,4,Good,Long-term
3,2,more,Islam,No,3,2,Good,Long-term
3,3,more,Islam,No,2,3,Good,Long-term
4,4,more,Islam,Yes,1,4,Good,Long-term
3,4,2,Islam,Yes,2,4,Good,Long-term
4,4,more,Islam,No,3,2,Good,Long-term
2,4,2,Islam,No,3,3,Good,Long-term
4,4,2,Islam,Yes,1,3,Good,Long-term
4,4,more,Islam,No,3,4,Good,Long-term
3,4,4,Islam,No,1,3,Good,Long-term
4,4,3,Islam,No,1,4,Good,Long-term
3,3,1,Islam,Yes,3,4,Good,Long-term
4,4,1,Islam,Yes,1,3,Good,Long-term
3,4,more,Islam,No,2,2,Good,Long-term
4,4,4,Non-Islam,No,3,3,Good,Long-term
4,4,more,Islam,No,3,3,Good,Long-term
4,4,more,Islam,No,2,4,Good,Long-term
4,4,1,Islam,No,1,4,Good,Long-term
4,4,2,Non-Islam,No,1,3,Good,Long-term
4,4,4,Islam,No,1,4,Good,Long-term
3,4,more,Islam,No,1,3,Good,Long-term
4,4,1,Islam,Yes,1,4,Good,Long-term
4,4,3,Islam,No,3,3,Good,Long-term
4,4,3,Islam,Yes,3,3,Good,Long-term
4,4,4,Islam,Yes,1,4,Good,Long-term
4,4,4,Islam,No,1,3,Good,Long-term
2,2,1,Islam,No,3,2,Good,Long-term
3,3,more,Islam,Yes,3,3,Good,Long-term
3,4,2,Islam,No,1,4,Good,Long-term
4,4,more,Islam,No,3,4,Good,Long-term
4,3,4,Islam,Yes,3,2,Good,Long-term
4,4,3,Islam,Yes,1,4,Good,Long-term
3,3,more,Islam,No,1,4,Good,Long-term
3,3,more,Islam,No,1,4,Good,Long-term
3,4,more,Islam,No,3,2,Not-good,Long-term
1,1,more,Islam,No,3,3,Good,Long-term
4,4,1,Islam,No,1,3,Good,Long-term
4,4,1,Non-Islam,Yes,1,4,Good,Long-term
3,4,2,Non-Islam,No,2,3,Good,Long-term
3,3,4,Islam,No,2,4,Good,Long-term
4,4,3,Non-Islam,Yes,1,4,Good,Long-term
4,4,3,Non-Islam,No,2,4,Good,Long-term
4,4,1,Islam,No,2,1,Good,Long-term
3,4,4,Non-Islam,Yes,2,4,Good,Long-term
2,3,1,Islam,Yes,4,4,Good,Long-term
4,4,4,Non-Islam,Yes,2,4,Good,Long-term
4,4,4,Non-Islam,Yes,2,4,Good,Long-term
4,4,4,Non-Islam,Yes,2,4,Good,Long-term
4,4,3,Non-Islam,No,1,4,Good,Long-term
4,4,3,Islam,No,2,3,Good,Long-term
4,4,2,Islam,Yes,1,3,Good,Long-term
4,4,more,Islam,No,1,4,Good,Long-term
4,4,more,Non-Islam,No,1,4,Good,Long-term
4,4,2,Islam,No,1,3,Good,Long-term
4,4,1,Islam,No,1,4,Good,Long-term
4,4,3,Islam,Yes,1,4,Good,Long-term
4,4,3,Islam,No,1,4,Good,Long-term
4,4,1,Islam,No,1,4,Good,Long-term
4,3,more,Islam,No,2,4,Good,Long-term
4,4,2,Islam,No,3,4,Good,Long-term
4,4,more,Islam,No,1,4,Good,Long-term
4,4,1,Islam,No,2,4,Good,Long-term
3,4,3,Islam,No,2,2,Good,Long-term
3,4,more,Islam,No,1,2,Good,Long-term
4,4,2,Islam,Yes,1,3,Good,Long-term
4,4,4,Islam,No,1,4,Good,Long-term
4,4,more,Islam,No,1,4,Good,Long-term
4,4,more,Islam,No,1,3,Good,Long-term
4,4,3,Islam,No,1,4,Good,Long-term
4,4,more,Islam,No,2,4,Good,Long-term
2,4,3,Non-Islam,Yes,3,4,Not-good,Long-term
4,2,2,Non-Islam,No,1,3,Good,Long-term
4,4,3,Non-Islam,No,3,4,Good,Long-term
4,4,3,Non-Islam,No,2,4,Good,Long-term
4,4,2,Non-Islam,No,1,4,Good,Long-term
3,4,2,Non-Islam,No,3,4,Good,Long-term
4,4,1,Non-Islam,No,2,4,Good,Long-term
3,4,3,Non-Islam,Yes,3,4,Good,Long-term
3,4,3,Non-Islam,No,2,4,Good,Long-term
4,4,more,Non-Islam,No,2,4,Good,Long-term
3,3,more,Non-Islam,No,2,4,Good,Long-term
4,4,more,Non-Islam,No,2,4,Good,Long-term
4,4,3,Non-Islam,Yes,3,4,Good,Long-term
4,4,4,Non-Islam,Yes,2,4,Good,Long-term
4,4,3,Non-Islam,Yes,1,4,Good,Long-term
4,4,4,Non-Islam,No,3,4,Good,Long-term
3,4,more,Islam,No,2,4,Good,Long-term
4,3,more,Islam,Yes,1,4,Good,Long-term
2,2,more,Islam,No,3,4,Good,Long-term
4,4,more,Islam,No,3,4,Good,Long-term
4,4,4,Islam,No,1,4,Good,Long-term
4,4,more,Islam,No,1,4,Good,Long-term
3,3,2,Islam,No,2,3,Good,Long-term
4,4,4,Islam,No,1,4,Good,Long-term
4,4,3,Non-Islam,No,2,4,Good,Long-term
4,4,more,Non-Islam,No,1,4,Good,Long-term
4,4,more,Islam,No,2,4,Good,Long-term
4,4,2,Non-Islam,Yes,2,4,Good,Long-term
4,4,4,Islam,No,1,4,Good,Long-term
4,4,4,Non-Islam,No,1,4,Good,Long-term
4,4,more,Islam,No,1,4,Good,Long-term
4,4,4,Islam,No,1,4,Good,Long-term
4,4,3,Islam,No,1,4,Good,Long-term
4,4,3,Non-Islam,No,1,4,Good,Long-term
4,4,3,Islam,Yes,1,4,Good,Long-term
3,3,more,Islam,No,3,4,Good,Long-term
3,3,more,Islam,No,3,4,Good,Long-term
2,2,more,Islam,No,2,2,Good,Long-term
3,2,more,Islam,No,2,4,Good,Long-term
1,1,more,Islam,No,3,4,Not-good,Long-term
2,4,3,Islam,No,1,4,Not-good,Long-term
3,4,more,Islam,No,1,2,Not-good,Long-term
4,4,4,Islam,Yes,1,4,Good,Long-term
3,3,4,Islam,No,3,4,Good,Short-term
2,2,more,Islam,No,3,1,Good,Short-term
3,4,more,Islam,No,1,2,Good,Short-term
2,2,more,Islam,No,3,1,Good,Short-term
4,4,1,Islam,Yes,1,4,Good,Short-term
4,4,2,Islam,Yes,1,4,Good,Short-term
2,2,1,Islam,No,3,2,Good,Short-term
1,2,4,Islam,No,2,3,Good,Short-term
2,4,1,Islam,No,1,4,Good,Short-term
3,3,1,Islam,No,3,3,Good,Short-term
2,2,4,Islam,No,2,4,Good,Short-term
4,4,more,Islam,No,1,4,Good,Short-term
2,4,3,Islam,Yes,3,3,Good,Short-term
4,4,2,Islam,No,3,4,Good,Short-term
3,4,2,Islam,No,1,3,Good,Short-term
4,4,1,Islam,No,3,2,Good,Short-term
2,3,more,Islam,Yes,2,3,Good,Short-term
3,3,1,Islam,Yes,3,3,Good,Short-term
2,3,1,Islam,No,3,1,Good,Short-term
4,4,3,Islam,No,1,4,Good,Short-term
4,4,2,Islam,No,2,4,Good,Short-term
4,4,1,Islam,No,1,4,Good,Short-term
1,4,3,Islam,No,4,4,Not-good,Short-term
3,4,more,Islam,No,3,4,Good,Short-term
3,4,more,Islam,Yes,2,4,Good,Short-term
2,4,3,Islam,No,4,4,Good,Short-term
2,4,3,Islam,No,2,4,Good,Short-term
2,3,more,Islam,Yes,3,3,Good,Short-term
3,3,2,Islam,No,2,4,Good,Short-term
2,4,3,Islam,No,3,4,Good,Short-term
3,3,2,Islam,No,3,3,Good,Short-term
1,3,3,Islam,No,3,2,Good,Short-term
3,4,4,Islam,No,1,3,Good,Short-term
4,3,more,Islam,No,1,4,Good,Short-term
4,4,more,Islam,No,1,4,Good,Short-term
3,3,more,Islam,No,3,4,Good,Short-term
3,4,3,Islam,No,1,4,Good,Short-term
2,2,4,Islam,No,2,1,Good,Short-term
2,4,4,Islam,No,2,1,Good,Short-term
4,3,1,Islam,No,2,2,Good,Short-term
4,4,4,Islam,No,1,4,Good,Short-term
4,4,1,Non-Islam,No,1,4,Good,Short-term
4,4,2,Non-Islam,Yes,1,4,Good,Short-term
3,3,1,Islam,No,3,3,Good,Short-term
3,3,3,Islam,No,3,3,Good,Short-term
4,4,more,Non-Islam,No,1,2,Not-good,Short-term
4,4,4,Non-Islam,No,1,4,Good,Short-term
4,4,1,Islam,No,3,3,Good,Short-term
3,4,3,Islam,No,3,2,Good,Short-term
2,4,3,Islam,No,3,3,Good,Short-term
4,4,1,Islam,No,1,3,Good,Short-term
2,3,2,Islam,No,2,3,Good,Short-term
2,4,3,Islam,No,3,4,Good,Short-term
4,4,1,Islam,No,2,3,Good,Short-term
4,4,more,Islam,No,2,4,Good,Short-term
3,4,2,Islam,No,3,2,Good,Short-term
4,4,2,Islam,No,1,4,Good,Short-term
4,3,1,Islam,Yes,2,2,Good,Short-term
4,4,1,Islam,No,3,1,Good,Short-term
2,3,more,Islam,No,3,3,Good,Short-term
1,2,more,Islam,Yes,1,2,Good,Short-term
2,3,4,Islam,No,2,1,Good,Short-term
3,2,2,Islam,No,2,1,Good,Short-term
2,3,1,Islam,No,2,1,Good,Short-term
3,4,4,Islam,Yes,2,4,Good,Short-term
3,3,3,Islam,No,2,3,Good,Short-term
4,4,3,Islam,No,1,4,Good,Short-term
4,3,2,Islam,No,3,3,Good,Short-term
2,3,4,Islam,No,3,2,Good,Short-term
3,4,2,Islam,No,1,3,Good,Short-term
3,3,3,Islam,No,2,1,Not-good,Short-term
4,4,4,Islam,No,3,4,Good,Short-term
3,3,more,Islam,No,3,4,Good,Short-term
3,3,more,Islam,Yes,3,3,Good,Short-term
2,4,4,Islam,No,3,3,Good,Short-term
4,4,3,Islam,No,1,4,Good,Short-term
4,4,3,Non-Islam,No,1,4,Good,Short-term
4,4,more,Islam,No,1,4,Good,Short-term
4,4,3,Non-Islam,No,1,4,Good,Short-term
4,4,4,Islam,No,1,4,Good,Short-term
3,4,3,Islam,Yes,1,4,Good,Short-term
4,4,1,Islam,No,2,3,Good,Short-term
4,4,3,Islam,No,1,4,Good,Short-term
4,4,1,Non-Islam,No,3,3,Good,Short-term
4,4,1,Islam,No,1,3,Good,Short-term
2,3,1,Islam,Yes,3,2,Good,Short-term
4,4,1,Islam,No,3,3,Good,Short-term
4,4,4,Islam,No,1,3,Good,Short-term
4,4,2,Islam,Yes,2,2,Good,Short-term
1,2,2,Islam,No,2,1,Good,Short-term
3,3,more,Non-Islam,No,3,1,Good,Short-term
2,4,1,Islam,No,2,3,Good,Short-term
2,2,more,Islam,Yes,2,3,Good,Short-term
2,2,2,Islam,No,3,4,Good,Short-term
3,3,3,Islam,No,2,3,Good,Short-term
2,2,more,Islam,No,3,3,Good,Short-term
4,4,2,Non-Islam,Yes,1,4,Good,Short-term
4,4,2,Islam,Yes,1,3,Good,Short-term
1,3,more,Islam,No,3,3,Good,Short-term
3,4,1,Islam,No,2,3,Good,Short-term
2,4,more,Islam,No,2,3,Good,Short-term
2,4,1,Islam,No,3,3,Good,Short-term
4,4,4,Islam,No,3,2,Good,Short-term
3,4,4,Islam,No,2,3,Good,Short-term
2,3,more,Islam,No,3,3,Good,Short-term
4,4,more,Islam,No,1,4,Good,Short-term
3,4,4,Islam,No,1,4,Good,Short-term
4,4,2,Islam,No,3,4,Good,Short-term
2,4,2,Islam,No,1,4,Good,Short-term
4,4,2,Islam,No,1,4,Good,Short-term
4,4,3,Islam,No,2,4,Good,Short-term
3,4,4,Islam,No,3,3,Good,Short-term
2,3,2,Islam,No,2,1,Good,Short-term
4,4,4,Islam,No,1,4,Good,Short-term
4,4,more,Islam,No,1,4,Good,Short-term
4,4,2,Islam,No,3,3,Good,Short-term
3,4,3,Islam,No,2,3,Good,Short-term
4,4,1,Islam,No,1,3,Good,Short-term
4,4,1,Islam,No,3,3,Good,Short-term
3,3,more,Islam,No,1,3,Good,Short-term
2,2,more,Islam,Yes,2,4,Good,Short-term
3,4,3,Islam,No,2,3,Good,Short-term
3,3,3,Islam,No,3,3,Good,Short-term
3,4,4,Islam,No,3,3,Good,Short-term
4,4,more,Islam,No,2,3,Good,Short-term
4,4,more,Islam,No,2,4,Good,Short-term
4,4,1,Non-Islam,No,1,4,Good,Short-term
4,4,3,Islam,No,1,4,Good,Short-term
4,4,3,Islam,No,3,4,Good,Short-term
4,4,2,Islam,No,1,3,Good,Short-term
4,4,2,Non-Islam,No,1,3,Good,Short-term
3,4,4,Islam,No,3,3,Good,Short-term
4,4,2,Islam,Yes,3,4,Good,Short-term
3,4,more,Islam,Yes,1,4,Good,Short-term
4,3,4,Islam,No,3,4,Good,Short-term
4,4,3,Islam,Yes,1,4,Good,Short-term
4,4,2,Non-Islam,Yes,1,3,Good,Short-term
4,4,3,Islam,Yes,1,4,Good,Short-term
4,4,2,Islam,No,1,3,Good,Short-term
4,4,3,Islam,No,2,4,Good,Short-term
4,4,4,Islam,No,1,4,Good,Short-term
4,4,more,Islam,No,2,4,Good,Short-term
4,4,4,Islam,No,1,4,Good,Short-term
3,3,3,Islam,No,2,2,Good,Short-term
1,3,2,Islam,No,3,1,Good,Short-term
2,2,2,Islam,No,2,3,Good,Short-term
3,4,3,Islam,No,2,3,Good,Short-term
2,2,2,Islam,No,3,2,Not-good,Short-term
4,4,2,Islam,No,1,4,Good,Short-term
3,4,more,Islam,No,3,1,Good,Short-term
3,3,3,Islam,Yes,3,2,Good,Short-term
3,4,more,Islam,Yes,1,4,Good,Short-term
3,3,3,Islam,Yes,2,1,Good,Short-term
4,4,2,Islam,No,1,4,Good,Short-term
4,4,more,Islam,No,2,4,Good,Short-term
4,4,1,Non-Islam,Yes,1,3,Good,Short-term
3,3,3,Islam,No,2,1,Good,Short-term
4,4,3,Islam,No,2,4,Good,Short-term
2,2,more,Islam,No,2,1,Good,Short-term
2,2,1,Islam,No,4,3,Good,Short-term
2,3,more,Islam,Yes,3,1,Good,Short-term
2,3,2,Islam,No,3,1,Good,Short-term
2,2,more,Islam,No,3,4,Good,Short-term
2,4,3,Islam,No,3,4,Good,Short-term
4,4,2,Islam,Yes,1,4,Good,Short-term
2,3,4,Islam,No,3,3,Good,Short-term
2,4,4,Islam,Yes,2,4,Good,Short-term
3,3,1,Islam,No,2,2,Good,Short-term
3,3,1,Islam,No,2,1,Good,Short-term
1,2,more,Islam,No,2,2,Not-good,Short-term
3,3,3,Islam,No,3,2,Good,Short-term
3,4,more,Islam,No,1,3,Good,Short-term
3,4,1,Islam,No,2,1,Good,Short-term
2,4,3,Islam,No,3,3,Good,Short-term
3,3,1,Islam,No,3,2,Good,Short-term
4,4,1,Islam,No,3,3,Good,Short-term
2,4,3,Islam,No,3,2,Good,Short-term
1,3,4,Islam,No,3,4,Good,Short-term
1,1,3,Islam,No,4,2,Not-good,Short-term
3,4,2,Islam,No,3,3,Good,Short-term
3,4,2,Islam,No,2,3,Good,Short-term
3,3,3,Islam,No,3,1,Good,Short-term
3,4,more,Islam,No,1,2,Good,Short-term
1,3,4,Islam,No,3,3,Good,Short-term
3,4,2,Islam,No,1,3,Good,Short-term
3,3,3,Islam,No,3,3,Good,Short-term
4,4,3,Islam,No,1,4,Good,Short-term
4,4,1,Islam,Yes,2,4,Good,Short-term
4,4,1,Islam,No,2,4,Good,Short-term
2,3,more,Islam,No,2,4,Good,Short-term
3,4,2,Islam,No,3,3,Good,Short-term
3,3,1,Islam,No,3,3,Good,Short-term
1,4,more,Islam,No,2,1,Good,Short-term
2,4,3,Islam,No,2,3,Good,Short-term
4,4,3,Islam,No,3,4,Not-good,Short-term
2,3,2,Islam,No,2,3,Good,Short-term
4,4,more,Islam,Yes,3,4,Good,Short-term
3,3,3,Islam,No,2,1,Good,Short-term
4,3,3,Islam,No,2,4,Good,Short-term
1,4,4,Islam,No,3,4,Not-good,Short-term
4,4,2,Islam,Yes,2,4,Good,Short-term
3,4,2,Islam,No,3,4,Good,Short-term
3,4,1,Islam,No,3,4,Good,Short-term
2,3,4,Islam,Yes,2,2,Good,Short-term
1,2,3,Islam,No,3,1,Not-good,Short-term
3,3,1,Islam,No,2,1,Good,Short-term
2,3,2,Islam,No,2,4,Good,Short-term
2,3,3,Islam,No,2,4,Good,Short-term
2,2,2,Islam,No,3,4,Good,Short-term
4,4,more,Islam,No,1,4,Good,Short-term
3,3,4,Islam,No,3,4,Good,Short-term
3,4,1,Islam,Yes,1,4,Good,Short-term
3,3,more,Islam,No,3,3,Good,Short-term
3,4,3,Islam,No,3,3,Good,Short-term
2,3,3,Islam,No,3,4,Good,Short-term
4,4,1,Non-Islam,No,3,4,Good,Short-term
2,4,2,Islam,No,3,2,Good,Short-term
3,4,2,Islam,No,3,3,Good,Short-term
3,4,3,Islam,No,3,2,Good,Short-term
3,4,more,Islam,No,3,2,Good,Short-term
3,2,2,Islam,Yes,3,2,Good,Short-term
4,3,1,Islam,No,3,4,Good,Short-term
1,4,4,Islam,No,3,2,Good,Short-term
2,3,2,Islam,No,3,1,Good,Short-term
1,2,3,Islam,Yes,3,2,Good,Short-term
1,2,3,Islam,No,3,2,Not-good,Short-term
4,4,3,Islam,No,3,3,Good,Short-term
3,4,more,Islam,No,2,4,Good,Short-term
4,4,3,Islam,No,3,2,Good,Short-term
2,4,4,Islam,No,3,4,Good,Short-term
3,3,3,Islam,No,3,3,Good,Short-term
2,3,2,Islam,No,3,3,Good,Short-term
4,3,3,Islam,No,3,3,Good,Short-term
4,4,3,Islam,Yes,1,4,Good,Short-term
3,4,4,Islam,Yes,1,3,Good,Short-term
4,4,more,Islam,No,1,4,Good,Short-term
4,4,2,Islam,No,3,4,Good,Short-term
3,4,more,Islam,No,1,4,Good,Short-term
3,4,1,Islam,No,3,2,Good,Short-term
1,3,1,Islam,No,3,3,Not-good,Short-term
3,4,1,Islam,No,3,3,Good,Short-term
3,3,4,Islam,No,3,3,Good,Short-term
3,4,1,Non-Islam,Yes,1,4,Good,Short-term
3,2,1,Islam,No,3,3,Good,Short-term
3,3,2,Non-Islam,No,2,3,Good,Short-term
4,4,3,Non-Islam,Yes,2,4,Good,Short-term
3,4,3,Islam,Yes,3,4,Good,Short-term
4,4,4,Islam,No,2,3,Good,Short-term
3,4,more,Islam,No,3,2,Good,Short-term
4,4,2,Non-Islam,Yes,3,3,Good,Short-term
2,4,1,Islam,No,3,3,Good,Short-term
3,3,2,Non-Islam,No,3,4,Good,Short-term
4,3,2,Non-Islam,No,3,4,Good,Short-term
2,2,4,Non-Islam,No,3,2,Good,Short-term
4,4,2,Non-Islam,No,3,4,Good,Short-term
4,3,4,Islam,No,1,3,Good,Short-term
4,4,2,Islam,Yes,1,4,Good,Short-term
4,4,more,Islam,No,1,4,Good,Short-term
3,3,1,Islam,No,2,2,Good,Short-term
3,4,2,Islam,No,1,2,Good,Short-term
3,4,2,Islam,No,1,3,Good,Short-term
4,4,1,Non-Islam,No,3,1,Good,Short-term
1,2,3,Islam,No,2,3,Good,Short-term
1,3,2,Islam,No,3,2,Good,Short-term
4,4,4,Islam,No,2,3,Good,Short-term
3,3,2,Islam,No,2,3,Good,Short-term
4,4,2,Islam,Yes,3,3,Good,Short-term
3,3,3,Islam,No,3,1,Not-good,Short-term
1,3,4,Islam,No,3,3,Good,Short-term
2,4,more,Islam,No,3,4,Good,Short-term
2,3,more,Islam,No,3,3,Good,Short-term
4,4,2,Islam,No,1,4,Good,Short-term
4,4,3,Non-Islam,Yes,2,4,Good,Short-term
4,4,more,Islam,No,1,3,Good,Short-term
4,4,2,Islam,Yes,1,4,Good,Short-term
3,4,2,Non-Islam,No,3,4,Good,Short-term
4,4,2,Islam,No,4,3,Good,Short-term
4,4,more,Islam,No,1,4,Good,Short-term
4,4,1,Islam,No,3,2,Good,Short-term
3,4,2,Non-Islam,No,3,3,Good,Short-term
1,2,more,Islam,No,2,2,Not-good,Short-term
2,2,1,Islam,No,3,2,Good,Short-term
1,2,more,Non-Islam,No,2,3,Good,Short-term
3,4,more,Non-Islam,No,3,4,Good,Short-term
2,3,more,Non-Islam,Yes,3,4,Good,Short-term
1,2,more,Islam,No,3,3,Good,Short-term
4,4,3,Non-Islam,No,3,4,Good,Short-term
3,4,3,Non-Islam,No,3,4,Good,Short-term
3,4,4,Non-Islam,No,2,4,Good,Short-term
4,4,3,Non-Islam,No,3,4,Good,Short-term
2,3,4,Islam,No,3,2,Good,Short-term
4,4,2,Non-Islam,No,2,4,Good,Short-term
4,4,4,Non-Islam,No,1,4,Good,Short-term
4,3,3,Non-Islam,No,2,4,Good,Short-term
3,3,2,Non-Islam,Yes,3,4,Good,Short-term
4,4,3,Non-Islam,Yes,3,4,Good,Short-term
3,3,3,Islam,Yes,2,4,Good,Short-term
4,4,more,Islam,No,2,2,Good,Short-term
2,4,4,Islam,No,3,4,Good,Short-term
1,3,more,Islam,No,3,2,Good,Short-term
2,2,0,Islam,Yes,3,2,Good,Short-term
3,3,1,Islam,No,3,2,Good,Short-term
2,2,1,Islam,No,3,1,Good,Short-term
2,3,2,Islam,Yes,3,2,Good,Short-term
2,2,1,Islam,No,3,3,Good,Short-term
1,2,4,Islam,Yes,4,4,Good,Short-term
3,4,4,Islam,No,3,2,Good,Short-term
2,3,more,Islam,No,4,2,Good,Short-term
3,4,4,Islam,Yes,3,3,Good,Short-term
3,4,3,Islam,No,3,4,Good,Short-term
3,4,4,Islam,No,2,4,Good,Short-term
1,2,2,Islam,Yes,2,4,Good,Short-term
3,3,2,Islam,No,2,3,Good,Short-term
3,2,more,Islam,Yes,3,4,Good,Short-term
2,2,1,Islam,No,3,2,Good,Short-term
2,3,more,Islam,No,3,3,Good,Short-term
3,3,more,Non-Islam,No,2,4,Good,Short-term
2,4,more,Islam,No,1,4,Good,Short-term
2,4,3,Non-Islam,No,3,4,Good,Short-term
4,4,3,Islam,Yes,1,4,Good,Short-term
3,4,4,Islam,No,2,3,Good,Short-term
3,4,1,Non-Islam,No,2,4,Good,Short-term
4,4,4,Islam,Yes,1,4,Good,Short-term
2,2,3,Islam,Yes,3,3,Good,Short-term
3,3,4,Islam,Yes,2,2,Good,Short-term
4,4,3,Islam,Yes,1,4,Good,Short-term
3,4,more,Islam,No,1,4,Good,Short-term
4,4,2,Islam,No,3,4,Good,Short-term
4,4,1,Islam,No,1,4,Good,Short-term
4,4,2,Islam,No,2,4,Good,Short-term
4,4,2,Islam,No,1,4,Good,Short-term
1,2,2,Islam,No,3,4,Good,Short-term
4,4,3,Islam,No,1,4,Good,Short-term
4,4,3,Islam,No,3,4,Good,Short-term
2,3,3,Islam,Yes,3,2,Good,Short-term
4,4,3,Non-Islam,Yes,3,3,Not-good,Short-term
3,4,2,Islam,No,2,4,Good,Short-term
4,4,3,Islam,No,1,4,Good,Short-term
3,4,3,Islam,No,3,2,Good,Short-term
4,4,3,Non-Islam,No,3,4,Good,Short-term
4,4,3,Non-Islam,No,2,4,Good,Short-term
4,4,2,Islam,No,2,4,Good,Short-term
4,4,3,Islam,Yes,1,4,Good,Short-term
4,4,4,Non-Islam,Yes,1,4,Good,Short-term
4,4,1,Islam,No,1,4,Good,Short-term
4,4,3,Islam,No,4,4,Good,Short-term
2,3,more,Islam,No,2,3,Good,Short-term
3,2,more,Islam,No,2,2,Good,Short-term
2,3,3,Islam,No,2,3,Good,Short-term
3,4,3,Islam,No,1,4,Good,Short-term
3,4,3,Non-Islam,Yes,3,4,Good,Short-term
3,4,more,Islam,No,3,4,Good,Short-term
4,4,1,Islam,No,1,4,Good,Short-term
2,1,3,Islam,Yes,3,1,Not-good,Short-term
2,3,4,Islam,Yes,3,2,Good,Short-term
2,3,more,Islam,No,2,4,Good,Short-term
2,4,more,Islam,No,1,4,Not-good,Short-term
1,2,more,Islam,Yes,3,4,Not-good,Short-term
2,2,more,Islam,Yes,3,1,Not-good,No-use
3,2,more,Islam,No,2,3,Good,No-use
2,4,1,Islam,Yes,1,1,Good,No-use
4,4,0,Islam,Yes,3,4,Good,No-use
2,2,2,Islam,No,3,3,Good,No-use
1,1,1,Islam,Yes,3,3,Not-good,No-use
4,4,0,Islam,Yes,1,4,Good,No-use
3,4,2,Islam,No,3,3,Good,No-use
4,4,1,Islam,No,3,4,Good,No-use
2,3,2,Islam,No,1,4,Good,No-use
2,4,3,Islam,No,3,4,Good,No-use
2,2,1,Islam,No,3,2,Good,No-use
3,4,4,Islam,No,1,4,Good,No-use
1,2,more,Islam,No,2,3,Good,No-use
4,4,2,Islam,No,3,2,Good,No-use
4,4,0,Islam,No,3,2,Good,No-use
3,4,0,Islam,No,3,3,Good,No-use
4,4,1,Islam,No,1,3,Good,No-use
2,3,1,Islam,No,3,3,Good,No-use
2,4,3,Islam,No,1,3,Good,No-use
1,2,4,Islam,No,1,4,Not-good,No-use
2,4,1,Islam,No,2,3,Good,No-use
3,4,0,Islam,Yes,1,3,Good,No-use
4,4,1,Islam,Yes,3,3,Good,No-use
4,4,1,Non-Islam,Yes,2,4,Good,No-use
4,4,2,Non-Islam,No,1,4,Good,No-use
2,2,more,Islam,Yes,3,2,Not-good,No-use
2,2,more,Non-Islam,No,2,2,Good,No-use
2,2,more,Islam,No,1,3,Good,No-use
3,4,more,Islam,No,3,3,Good,No-use
3,4,more,Islam,Yes,2,2,Good,No-use
3,4,0,Islam,No,3,4,Good,No-use
2,3,4,Islam,No,2,3,Good,No-use
2,2,4,Islam,No,3,1,Good,No-use
4,4,1,Islam,No,2,4,Good,No-use
4,4,4,Non-Islam,No,1,4,Good,No-use
4,4,3,Islam,No,1,4,Good,No-use
4,4,2,Islam,No,1,4,Good,No-use
3,3,1,Islam,Yes,2,4,Good,No-use
3,4,0,Islam,Yes,2,3,Good,No-use
2,3,3,Non-Islam,No,2,3,Good,No-use
3,3,2,Islam,Yes,3,2,Good,No-use
2,4,0,Islam,Yes,3,4,Good,No-use
1,1,0,Non-Islam,Yes,2,1,Good,No-use
4,4,3,Islam,Yes,2,3,Good,No-use
1,4,more,Islam,No,1,2,Good,No-use
2,3,1,Islam,No,3,1,Good,No-use
3,4,1,Non-Islam,No,2,2,Good,No-use
1,2,0,Islam,Yes,3,3,Good,No-use
4,4,more,Islam,No,1,3,Good,No-use
3,4,4,Islam,No,1,3,Good,No-use
1,4,2,Islam,No,2,2,Good,No-use
4,4,0,Islam,Yes,2,4,Good,No-use
2,3,more,Islam,No,3,3,Not-good,No-use
4,4,1,Islam,No,1,4,Good,No-use
1,2,more,Islam,No,2,2,Not-good,No-use
1,4,more,Islam,No,1,4,Not-good,No-use
3,4,2,Islam,No,1,3,Good,No-use
1,1,more,Islam,No,2,3,Good,No-use
4,4,1,Islam,No,3,4,Good,No-use
4,4,1,Islam,Yes,1,4,Good,No-use
1,3,1,Islam,No,3,4,Good,No-use
3,3,4,Islam,No,2,4,Good,No-use
2,3,more,Islam,No,2,3,Good,No-use
3,4,2,Islam,No,1,3,Good,No-use
1,4,1,Islam,No,3,3,Good,No-use
1,2,more,Islam,No,3,1,Not-good,No-use
1,4,more,Islam,No,2,3,Good,No-use
4,4,4,Islam,No,2,4,Good,No-use
2,3,2,Islam,No,3,1,Good,No-use
1,1,more,Islam,No,2,3,Not-good,No-use
1,2,2,Islam,No,2,3,Not-good,No-use
3,4,1,Islam,Yes,3,3,Good,No-use
3,4,more,Islam,No,2,3,Good,No-use
1,2,more,Islam,No,3,3,Not-good,No-use
3,4,0,Islam,No,1,3,Good,No-use
4,4,3,Non-Islam,No,2,4,Good,No-use
1,1,more,Islam,No,3,1,Not-good,No-use
3,4,more,Islam,No,3,4,Good,No-use
2,1,more,Islam,No,2,3,Good,No-use
3,4,3,Islam,No,1,1,Good,No-use
4,4,more,Non-Islam,Yes,1,4,Good,No-use
4,4,1,Islam,Yes,1,4,Good,No-use
4,4,more,Islam,No,1,4,Good,No-use
2,4,0,Islam,No,3,1,Good,No-use
4,2,0,Islam,Yes,3,3,Good,No-use
4,4,2,Islam,Yes,1,4,Good,No-use
2,4,more,Islam,No,2,3,Good,No-use
3,1,more,Islam,No,3,2,Good,No-use
1,4,0,Islam,Yes,4,1,Good,No-use
2,4,0,Islam,No,2,2,Good,No-use
3,4,2,Islam,No,3,3,Good,No-use
3,3,more,Islam,No,3,3,Good,No-use
3,3,1,Islam,No,2,2,Good,No-use
1,2,more,Islam,No,2,1,Not-good,No-use
3,4,1,Islam,No,3,2,Good,No-use
3,4,2,Islam,No,2,4,Good,No-use
3,1,1,Islam,No,2,3,Good,No-use
1,3,1,Islam,No,4,2,Good,No-use
3,4,4,Islam,No,3,1,Not-good,No-use
4,4,1,Islam,Yes,1,3,Good,No-use
4,4,3,Islam,No,1,4,Good,No-use
3,4,2,Islam,No,3,2,Good,No-use
3,3,1,Islam,Yes,3,4,Good,No-use
4,4,0,Islam,No,2,1,Not-good,No-use
2,3,more,Islam,No,2,3,Good,No-use
3,4,0,Islam,No,1,3,Good,No-use
2,2,more,Islam,No,2,2,Good,No-use
2,3,1,Islam,No,2,1,Good,No-use
4,4,3,Islam,No,1,4,Good,No-use
2,2,more,Islam,Yes,2,3,Good,No-use
4,4,1,Islam,Yes,1,3,Good,No-use
3,4,1,Islam,No,3,3,Good,No-use
2,3,2,Islam,No,3,2,Good,No-use
3,4,0,Islam,Yes,3,3,Good,No-use
4,4,1,Islam,No,3,4,Good,No-use
4,4,1,Islam,No,1,3,Good,No-use
4,4,0,Islam,No,3,4,Good,No-use
4,4,more,Islam,No,1,4,Good,No-use
1,3,4,Islam,Yes,2,2,Good,No-use
2,3,more,Islam,No,3,4,Good,No-use
2,3,more,Islam,No,3,2,Not-good,No-use
3,4,4,Non-Islam,No,2,3,Good,No-use
2,4,2,Islam,No,3,2,Not-good,No-use
2,2,more,Islam,No,3,4,Good,No-use
3,3,more,Islam,No,2,2,Good,No-use
4,4,2,Islam,No,1,2,Good,No-use
1,2,2,Islam,No,3,1,Good,No-use
4,4,3,Islam,Yes,1,4,Good,No-use
4,4,2,Islam,No,1,3,Good,No-use
2,4,more,Islam,Yes,3,4,Good,No-use
1,3,more,Islam,Yes,1,3,Good,No-use
4,4,more,Islam,No,1,3,Good,No-use
3,4,0,Islam,Yes,3,4,Good,No-use
3,4,0,Islam,No,3,3,Good,No-use
2,3,1,Islam,Yes,4,4,Good,No-use
3,4,1,Non-Islam,No,2,2,Good,No-use
3,4,4,Islam,Yes,2,4,Good,No-use
3,4,more,Islam,No,1,4,Good,No-use
2,3,more,Islam,No,3,1,Good,No-use
2,4,1,Islam,No,3,4,Good,No-use
4,4,1,Non-Islam,No,1,4,Good,No-use
1,3,more,Islam,No,2,4,Good,No-use
4,4,3,Islam,No,1,4,Good,No-use
4,4,3,Non-Islam,Yes,1,3,Good,No-use
4,4,1,Islam,Yes,1,4,Good,No-use
2,3,1,Islam,Yes,3,4,Not-good,No-use
4,4,1,Islam,No,1,4,Good,No-use
3,3,1,Islam,Yes,2,4,Good,No-use
4,3,3,Islam,Yes,3,2,Good,No-use
3,3,2,Islam,Yes,3,3,Good,No-use
3,4,2,Islam,No,3,3,Good,No-use
4,4,more,Islam,No,1,3,Good,No-use
2,3,3,Islam,No,3,4,Good,No-use
3,2,1,Islam,Yes,3,3,Good,No-use
4,4,0,Non-Islam,Yes,2,4,Good,No-use
3,4,3,Non-Islam,Yes,2,4,Good,No-use
3,3,3,Non-Islam,Yes,2,3,Not-good,No-use
3,2,more,Islam,No,4,4,Good,No-use
3,4,2,Non-Islam,No,3,4,Good,No-use
3,4,0,Islam,No,3,3,Good,No-use
4,4,4,Islam,No,1,4,Good,No-use
2,2,3,Non-Islam,Yes,2,4,Good,No-use
3,4,3,Non-Islam,No,2,4,Good,No-use
3,4,4,Non-Islam,No,2,4,Good,No-use
4,4,1,Non-Islam,No,1,4,Good,No-use
3,3,4,Non-Islam,Yes,3,2,Not-good,No-use
3,4,more,Islam,No,3,3,Good,No-use
1,3,4,Islam,Yes,3,4,Good,No-use
1,1,more,Islam,No,3,2,Good,No-use
1,2,more,Islam,No,3,1,Not-good,No-use
2,2,more,Islam,No,3,1,Not-good,No-use
3,4,4,Non-Islam,No,3,1,Not-good,No-use
2,4,1,Islam,No,3,4,Good,No-use
3,2,1,Islam,No,3,1,Good,No-use
2,2,1,Islam,No,3,1,Not-good,No-use
2,2,2,Islam,No,2,4,Good,No-use
1,3,3,Islam,Yes,2,4,Good,No-use
3,3,2,Islam,No,2,4,Good,No-use
3,2,0,Islam,No,2,2,Good,No-use
3,4,0,Islam,Yes,3,4,Good,No-use
2,2,more,Islam,No,2,2,Not-good,No-use
3,4,1,Non-Islam,No,2,3,Good,No-use
4,4,0,Non-Islam,Yes,3,4,Good,No-use
3,4,2,Islam,No,3,4,Good,No-use
3,2,1,Islam,No,3,4,Good,No-use
4,4,3,Non-Islam,Yes,1,4,Good,No-use
2,3,0,Islam,No,3,4,Good,No-use
4,4,2,Islam,No,1,3,Good,No-use
3,4,0,Islam,No,3,4,Good,No-use
3,4,2,Islam,No,2,2,Good,No-use
4,4,0,Non-Islam,No,2,4,Good,No-use
2,1,0,Islam,No,2,2,Good,No-use
4,4,1,Islam,No,1,4,Good,No-use
4,4,1,Islam,No,1,4,Good,No-use
4,4,more,Islam,Yes,3,4,Good,No-use
2,2,4,Islam,No,3,4,Good,No-use
3,3,more,Islam,No,2,3,Good,No-use
2,3,more,Islam,No,1,1,Good,No-use
3,4,2,Islam,No,1,4,Good,No-use
1,3,1,Islam,No,3,1,Good,No-use
4,4,3,Islam,No,1,2,Good,No-use
1,1,4,Islam,No,2,2,Good,No-use
1,1,more,Islam,No,1,1,Not-good,No-use
2,2,more,Islam,No,3,2,Good,No-use
1,3,4,Islam,No,2,2,Not-good,No-use
1,2,2,Islam,No,2,4,Good,No-use
4,4,3,Islam,No,1,4,Good,No-use
1,1,0,Islam,No,3,2,Good,No-use
4,4,more,Islam,No,1,4,Good,No-use
3,3,3,Islam,No,3,4,Good,No-use
1,2,more,Islam,Yes,2,2,Not-good,No-use
2,4,3,Islam,No,3,2,Good,No-use
4,4,0,Non-Islam,Yes,2,4,Good,No-use
4,4,4,Islam,No,3,4,Good,Long-term
4,4,3,Islam,No,1,4,Good,Long-term
4,4,4,Islam,No,3,3,Good,Long-term
4,4,more,Islam,No,1,3,Good,Long-term
3,4,4,Islam,No,3,4,Good,Long-term
4,4,1,Islam,No,1,3,Good,Long-term
3,4,3,Islam,No,1,4,Good,Long-term
4,4,1,Islam,No,1,3,Good,Long-term
4,4,3,Islam,Yes,1,4,Good,Long-term
2,2,more,Islam,No,3,3,Good,Long-term
4,4,4,Islam,No,1,4,Good,Long-term
2,2,more,Islam,No,3,4,Good,Long-term
4,4,more,Islam,Yes,1,4,Good,Long-term
2,4,2,Islam,No,1,4,Good,Long-term
4,4,3,Islam,No,1,4,Good,Long-term
3,3,2,Islam,No,3,4,Good,Long-term
4,4,4,Islam,No,1,2,Good,Long-term
4,4,3,Islam,No,1,3,Good,Long-term
4,4,2,Non-Islam,No,1,4,Good,Long-term
4,4,3,Islam,No,2,1,Good,Long-term
4,4,4,Islam,No,2,4,Good,Long-term
3,4,3,Islam,No,2,3,Good,Long-term
1,4,2,Islam,No,1,3,Good,Long-term
4,4,3,Islam,No,1,4,Good,Long-term
3,4,2,Islam,No,3,3,Good,Long-term
4,4,more,Islam,No,1,4,Good,Long-term
3,3,4,Islam,Yes,3,3,Good,Long-term
3,1,1,Islam,Yes,3,3,Good,Long-term
2,3,4,Islam,No,1,2,Good,Long-term
4,4,1,Islam,Yes,2,2,Good,Long-term
3,4,3,Non-Islam,No,1,4,Good,Long-term
3,4,more,Non-Islam,No,2,3,Good,Long-term
4,4,1,Islam,No,1,4,Good,Long-term
1,3,4,Islam,No,1,4,Good,Long-term
3,3,more,Islam,No,1,1,Good,Long-term
4,4,1,Islam,No,2,4,Good,Long-term
4,4,1,Islam,Yes,3,3,Good,Long-term
3,4,4,Islam,No,3,3,Good,Long-term
3,4,2,Islam,No,1,4,Good,Long-term
4,4,1,Islam,Yes,2,3,Good,Long-term
4,4,more,Islam,No,1,4,Good,Long-term
3,4,3,Islam,No,1,4,Good,Long-term
4,4,4,Non-Islam,No,2,4,Good,Long-term
4,4,3,Islam,Yes,2,3,Good,Long-term
3,4,3,Islam,No,1,3,Good,Long-term
4,4,1,Islam,Yes,1,4,Good,Long-term
4,4,2,Non-Islam,Yes,1,3,Good,Long-term
4,4,1,Non-Islam,No,1,4,Good,Long-term
4,4,4,Islam,No,2,3,Good,Long-term
4,4,3,Islam,No,1,4,Good,Long-term
4,4,4,Islam,No,1,4,Good,Long-term
2,4,4,Non-Islam,No,3,2,Good,Long-term
4,4,3,Islam,No,3,4,Good,Long-term
4,4,more,Islam,No,2,4,Good,Long-term
4,4,1,Islam,No,3,3,Good,Long-term
2,2,more,Islam,No,2,2,Good,Long-term
4,4,4,Non-Islam,Yes,2,4,Good,Long-term
1,2,more,Islam,Yes,3,1,Good,Long-term
4,4,3,Islam,No,3,2,Good,Long-term
3,3,2,Islam,No,1,3,Good,Long-term
3,3,2,Islam,No,3,3,Good,Long-term
2,3,more,Islam,No,3,1,Not-good,Long-term
4,4,3,Islam,No,3,3,Good,Long-term
3,4,3,Islam,No,1,4,Good,Long-term
4,4,2,Islam,Yes,3,4,Good,Long-term
4,4,3,Non-Islam,No,2,4,Good,Long-term
3,4,3,Islam,No,1,3,Good,Long-term
4,4,more,Islam,No,1,3,Good,Long-term
3,3,more,Islam,Yes,3,2,Good,Long-term
3,4,more,Islam,No,3,2,Good,Long-term
4,4,2,Islam,No,2,4,Good,Long-term
4,4,3,Islam,Yes,1,4,Good,Long-term
3,4,2,Islam,No,1,4,Good,Long-term
4,4,1,Non-Islam,No,2,3,Good,Long-term
3,4,2,Non-Islam,No,2,3,Good,Long-term
2,1,more,Islam,Yes,2,2,Good,Long-term
2,2,4,Islam,No,3,4,Good,Long-term
4,4,1,Islam,No,1,4,Good,Long-term
3,4,3,Non-Islam,No,2,4,Good,Long-term
3,4,2,Non-Islam,No,3,3,Good,Long-term
4,4,1,Islam,Yes,3,4,Good,Long-term
2,2,4,Islam,No,4,3,Not-good,Long-term
4,4,3,Non-Islam,No,2,4,Good,Long-term
4,4,more,Islam,No,1,4,Good,Long-term
3,4,more,Islam,No,3,4,Good,Long-term
4,4,2,Islam,No,1,3,Good,Long-term
4,4,3,Non-Islam,No,1,4,Good,Long-term
3,1,2,Islam,Yes,3,4,Good,Long-term
4,4,4,Islam,No,2,4,Good,Long-term
4,4,more,Islam,Yes,1,4,Good,Long-term
4,4,4,Islam,Yes,3,3,Good,Long-term
3,3,4,Islam,No,1,3,Good,Long-term
4,4,3,Islam,Yes,3,4,Good,Long-term
4,4,4,Non-Islam,Yes,2,4,Good,Long-term
3,3,more,Non-Islam,No,1,3,Good,Long-term
4,4,4,Non-Islam,No,2,4,Good,Long-term
4,4,3,Non-Islam,Yes,2,4,Good,Long-term
3,3,4,Non-Islam,No,3,4,Good,Long-term
2,4,more,Non-Islam,No,2,3,Good,Long-term
4,4,more,Islam,No,1,4,Good,Long-term
4,4,more,Non-Islam,No,1,4,Good,Long-term
4,4,2,Non-Islam,Yes,3,2,Good,Long-term
2,3,1,Non-Islam,No,2,4,Good,Long-term
4,4,4,Non-Islam,No,1,4,Good,Long-term
4,4,3,Islam,No,1,4,Good,Long-term
1,2,more,Islam,No,3,4,Good,Long-term
3,2,more,Islam,No,3,3,Good,Short-term
3,3,more,Islam,No,1,4,Good,Short-term
4,4,2,Islam,Yes,3,3,Good,Short-term
3,3,1,Non-Islam,No,3,2,Good,Short-term
4,3,more,Islam,No,3,3,Good,Short-term
4,4,3,Islam,Yes,1,4,Good,Short-term
2,2,more,Islam,Yes,2,2,Not-good,Short-term
2,3,more,Islam,No,3,3,Good,Short-term
3,4,1,Islam,No,3,3,Good,Short-term
2,4,3,Islam,No,3,4,Good,Short-term
4,4,more,Non-Islam,No,1,4,Good,Short-term
2,2,4,Islam,No,3,3,Good,Short-term
1,2,3,Islam,No,3,2,Good,Short-term
2,4,3,Islam,No,1,3,Good,Short-term
3,4,4,Islam,Yes,1,4,Good,Short-term
3,4,4,Islam,Yes,3,4,Good,Short-term
2,3,3,Islam,No,3,3,Good,Short-term
3,4,1,Islam,Yes,3,4,Good,Short-term
4,4,more,Islam,Yes,1,4,Good,Short-term
4,4,2,Islam,No,3,3,Good,Short-term
2,4,3,Islam,No,3,3,Good,Short-term
4,4,4,Islam,No,1,3,Good,Short-term
2,3,more,Islam,No,3,3,Good,Short-term
3,3,more,Islam,No,3,3,Good,Short-term
3,3,more,Islam,No,1,2,Good,Short-term
4,4,4,Non-Islam,No,2,3,Good,Short-term
2,3,more,Islam,No,2,3,Good,Short-term
4,4,3,Islam,No,3,3,Good,Short-term
4,4,2,Islam,No,2,3,Good,Short-term
1,2,3,Islam,No,3,2,Good,Short-term
2,3,1,Islam,No,3,1,Good,Short-term
3,2,1,Islam,No,3,1,Not-good,Short-term
2,4,2,Islam,No,2,4,Good,Short-term
4,4,1,Islam,Yes,2,4,Good,Short-term
4,4,2,Islam,No,1,4,Good,Short-term
4,4,1,Islam,No,1,4,Good,Short-term
3,4,3,Non-Islam,No,3,3,Good,Short-term
2,3,3,Islam,No,3,3,Good,Short-term
4,4,2,Islam,No,3,3,Good,Short-term
2,4,4,Islam,No,3,2,Good,Short-term
3,4,4,Islam,No,3,1,Good,Short-term
3,3,2,Islam,No,3,2,Good,Short-term
1,2,1,Islam,No,3,3,Good,Short-term
4,4,1,Islam,No,2,4,Good,Short-term
3,3,4,Islam,Yes,3,2,Good,Short-term
4,4,1,Islam,No,2,3,Good,Short-term
4,4,2,Islam,No,1,2,Good,Short-term
4,4,more,Islam,Yes,1,4,Good,Short-term
2,3,3,Islam,No,2,4,Good,Short-term
3,3,1,Islam,No,3,2,Good,Short-term
2,2,more,Islam,Yes,2,3,Good,Short-term
3,4,3,Islam,No,2,4,Good,Short-term
4,4,2,Islam,No,3,3,Good,Short-term
4,4,2,Islam,Yes,1,4,Good,Short-term
3,3,4,Islam,Yes,2,3,Good,Short-term
3,3,2,Islam,Yes,2,2,Good,Short-term
3,4,more,Islam,No,3,3,Good,Short-term
3,3,4,Islam,No,2,1,Good,Short-term
4,4,1,Islam,Yes,3,2,Good,Short-term
4,4,1,Non-Islam,No,1,4,Good,Short-term
1,2,4,Islam,No,3,3,Good,Short-term
1,2,4,Islam,No,3,1,Not-good,Short-term
2,2,more,Islam,Yes,2,2,Not-good,Short-term
3,4,2,Islam,Yes,2,4,Good,Short-term
4,4,3,Islam,No,1,4,Good,Short-term
4,4,1,Islam,No,2,4,Good,Short-term
4,4,more,Islam,No,3,3,Good,Short-term
3,4,2,Islam,Yes,2,4,Good,Short-term
4,4,2,Non-Islam,No,1,4,Good,Short-term
4,4,4,Islam,Yes,1,4,Good,Short-term
1,2,more,Islam,No,3,3,Good,Short-term
4,4,3,Non-Islam,Yes,2,4,Good,Short-term
2,2,2,Islam,No,3,2,Good,Short-term
3,3,2,Islam,No,2,2,Not-good,Short-term
3,3,1,Islam,No,2,2,Good,Short-term
3,2,3,Islam,No,3,3,Good,Short-term
2,3,more,Islam,Yes,3,2,Good,Short-term
3,3,2,Islam,No,3,1,Good,Short-term
2,4,more,Islam,No,3,3,Good,Short-term
3,3,1,Islam,No,3,1,Good,Short-term
3,4,4,Islam,No,3,4,Good,Short-term
3,4,3,Islam,No,3,3,Good,Short-term
3,4,2,Islam,No,3,3,Good,Short-term
4,4,3,Islam,No,3,2,Good,Short-term
2,4,more,Islam,No,1,4,Good,Short-term
1,3,more,Islam,Yes,3,3,Good,Short-term
1,1,more,Islam,No,3,3,Good,Short-term
2,3,more,Islam,No,2,4,Good,Short-term
4,4,3,Islam,No,2,4,Good,Short-term
4,4,4,Islam,No,3,4,Good,Short-term
4,4,2,Islam,No,3,3,Good,Short-term
4,4,2,Islam,No,2,3,Good,Short-term
3,4,3,Islam,No,3,4,Good,Short-term
3,3,3,Islam,No,3,3,Good,Short-term
4,3,2,Islam,Yes,2,3,Good,Short-term
3,4,more,Islam,No,3,4,Good,Short-term
4,3,2,Islam,No,3,2,Good,Short-term
2,2,more,Islam,No,2,4,Good,Short-term
4,4,more,Islam,No,3,2,Good,Short-term
1,4,more,Islam,Yes,2,4,Good,Short-term
4,4,more,Islam,No,3,4,Good,Short-term
2,3,3,Non-Islam,No,3,2,Not-good,Short-term
2,3,more,Islam,No,3,4,Good,Short-term
4,4,2,Non-Islam,No,1,4,Good,Short-term
2,4,2,Islam,No,3,2,Good,Short-term
2,3,4,Islam,No,2,3,Good,Short-term
3,4,3,Islam,No,3,1,Good,Short-term
4,4,4,Islam,Yes,3,4,Good,Short-term
4,3,more,Islam,Yes,3,4,Good,Short-term
4,3,4,Islam,No,3,3,Good,Short-term
2,4,more,Islam,No,3,4,Good,Short-term
4,4,2,Non-Islam,Yes,2,4,Good,Short-term
4,4,1,Non-Islam,Yes,2,4,Good,Short-term
4,4,more,Non-Islam,No,2,4,Good,Short-term
4,4,1,Islam,No,1,3,Good,Short-term
4,4,more,Islam,No,1,4,Good,Short-term
2,3,more,Islam,Yes,3,4,Good,Short-term
4,4,1,Islam,No,1,4,Good,Short-term
2,4,more,Islam,No,3,3,Good,Short-term
3,4,more,Non-Islam,No,1,4,Good,Short-term
4,4,1,Non-Islam,Yes,2,4,Good,Short-term
3,3,1,Non-Islam,Yes,2,4,Good,Short-term
4,4,3,Non-Islam,No,2,4,Good,Short-term
2,2,0,Non-Islam,No,4,4,Good,Short-term
4,4,2,Islam,No,3,4,Good,Short-term
4,4,3,Non-Islam,No,3,4,Good,Short-term
2,3,3,Non-Islam,Yes,2,4,Good,Short-term
4,4,2,Non-Islam,Yes,2,4,Good,Short-term
2,3,more,Islam,No,3,3,Good,Short-term
4,4,1,Islam,No,2,3,Good,Short-term
4,4,4,Islam,No,3,3,Good,Short-term
2,4,4,Islam,Yes,2,3,Good,Short-term
3,2,4,Islam,No,3,4,Good,Short-term
1,3,more,Islam,No,3,4,Good,Short-term
3,4,more,Islam,No,1,4,Good,Short-term
2,2,more,Islam,No,2,3,Good,Short-term
2,2,4,Non-Islam,Yes,2,4,Good,Short-term
3,3,more,Islam,No,2,4,Good,Short-term
2,2,3,Islam,No,2,2,Not-good,Short-term
4,4,more,Non-Islam,Yes,2,4,Good,Short-term
4,3,1,Islam,No,2,2,Good,Short-term
4,4,4,Islam,No,1,2,Not-good,Short-term
4,4,1,Non-Islam,No,2,4,Good,Short-term
1,3,2,Islam,No,3,4,Good,Short-term
2,2,1,Islam,No,2,4,Good,Short-term
2,4,3,Islam,No,1,3,Good,Short-term
2,4,more,Islam,No,2,4,Good,Short-term
4,4,3,Islam,No,1,4,Good,Short-term
4,4,2,Islam,Yes,2,4,Good,Short-term
4,4,3,Islam,No,1,4,Good,Short-term
3,3,more,Islam,Yes,1,4,Good,Short-term
3,3,4,Islam,Yes,2,2,Good,Short-term
3,3,1,Islam,No,2,4,Good,Short-term
